/*
 Navicat Premium Data Transfer

 Source Server         : localhost_3306
 Source Server Type    : MySQL
 Source Server Version : 50730
 Source Host           : 127.0.0.1:3306
 Source Schema         : smilex-boot

 Target Server Type    : MySQL
 Target Server Version : 50730
 File Encoding         : 65001

 Date: 05/08/2022 17:47:06
*/

SET NAMES utf8mb4;
SET FOREIGN_KEY_CHECKS = 0;

-- ----------------------------
-- Table structure for app_upgrade
-- ----------------------------
DROP TABLE IF EXISTS `app_upgrade`;
CREATE TABLE `app_upgrade`  (
  `id` bigint(20) NOT NULL COMMENT 'ID',
  `version_num` smallint(5) NOT NULL COMMENT 'APP版本号数字，例如101',
  `version_show` varchar(50) CHARACTER SET utf8mb4 COLLATE utf8mb4_general_ci NOT NULL COMMENT 'APP版本号展示，例如1.0.1',
  `version_desc` varchar(1000) CHARACTER SET utf8mb4 COLLATE utf8mb4_general_ci NOT NULL COMMENT '版本说明',
  `app_size` double NOT NULL COMMENT '包大小',
  `upgrade_type` tinyint(2) NOT NULL DEFAULT 0 COMMENT '是否需要更新，0无需更新，1需要更新，2需要且强制更新',
  `min_version` smallint(5) NULL DEFAULT NULL COMMENT '最小APP版本号数字，低于该版本强制升级，例101',
  `download_url` varchar(255) CHARACTER SET utf8mb4 COLLATE utf8mb4_general_ci NOT NULL COMMENT '下载地址',
  `audit_flag` tinyint(1) NOT NULL DEFAULT 1 COMMENT '应用商店是否审核通过，0未通过，1已通过',
  `create_time` datetime NULL DEFAULT NULL COMMENT '创建时间',
  `create_by` varchar(50) CHARACTER SET utf8mb4 COLLATE utf8mb4_general_ci NULL DEFAULT NULL COMMENT '创建人',
  `update_time` datetime NULL DEFAULT NULL COMMENT '更新时间',
  `update_by` varchar(50) CHARACTER SET utf8mb4 COLLATE utf8mb4_general_ci NULL DEFAULT NULL COMMENT '更新人',
  `del_flag` tinyint(1) NOT NULL DEFAULT 0 COMMENT '是否删除，1是，0否',
  PRIMARY KEY (`id`) USING BTREE
) ENGINE = InnoDB CHARACTER SET = utf8mb4 COLLATE = utf8mb4_general_ci COMMENT = 'APP版本信息' ROW_FORMAT = Dynamic;

-- ----------------------------
-- Records of app_upgrade
-- ----------------------------

-- ----------------------------
-- Table structure for blog_article
-- ----------------------------
DROP TABLE IF EXISTS `blog_article`;
CREATE TABLE `blog_article`  (
  `id` bigint(20) NOT NULL COMMENT 'ID',
  `tenant_id` bigint(20) NOT NULL COMMENT '租户ID',
  `section_id` bigint(20) NOT NULL COMMENT '栏目ID',
  `tag_ids` varchar(100) CHARACTER SET utf8mb4 COLLATE utf8mb4_general_ci NOT NULL COMMENT '标签id，以,分割',
  `article_title` varchar(255) CHARACTER SET utf8mb4 COLLATE utf8mb4_general_ci NOT NULL COMMENT '文章标题',
  `article_digest` varchar(100) CHARACTER SET utf8mb4 COLLATE utf8mb4_general_ci NOT NULL COMMENT '文章简介',
  `article_content` text CHARACTER SET utf8mb4 COLLATE utf8mb4_general_ci NOT NULL COMMENT '文章内容',
  `grammar_type` tinyint(2) NOT NULL DEFAULT 1 COMMENT '语法类型，1markdown，2html',
  `visit_type` tinyint(2) NOT NULL DEFAULT 1 COMMENT '访问类型,1通用类型，2统一密码，3独立密码',
  `password` varchar(255) CHARACTER SET utf8mb4 COLLATE utf8mb4_general_ci NULL DEFAULT NULL COMMENT '独立密码',
  `salt` varchar(50) CHARACTER SET utf8mb4 COLLATE utf8mb4_general_ci NULL DEFAULT NULL COMMENT 'salt',
  `publish_flag` tinyint(1) NOT NULL DEFAULT 1 COMMENT '发布状态，0未发布，1已发布',
  `create_time` datetime NULL DEFAULT NULL COMMENT '创建时间',
  `create_by` varchar(50) CHARACTER SET utf8mb4 COLLATE utf8mb4_general_ci NULL DEFAULT NULL COMMENT '创建人',
  `update_time` datetime NULL DEFAULT NULL COMMENT '更新时间',
  `update_by` varchar(50) CHARACTER SET utf8mb4 COLLATE utf8mb4_general_ci NULL DEFAULT NULL COMMENT '更新人',
  `del_flag` tinyint(1) NOT NULL DEFAULT 0 COMMENT '是否删除，1是，0否',
  PRIMARY KEY (`id`) USING BTREE
) ENGINE = InnoDB CHARACTER SET = utf8mb4 COLLATE = utf8mb4_general_ci COMMENT = '租户博客文章' ROW_FORMAT = Dynamic;

-- ----------------------------
-- Records of blog_article
-- ----------------------------

-- ----------------------------
-- Table structure for blog_article_draft
-- ----------------------------
DROP TABLE IF EXISTS `blog_article_draft`;
CREATE TABLE `blog_article_draft`  (
  `id` bigint(20) NOT NULL COMMENT 'ID',
  `tenant_id` bigint(20) NOT NULL COMMENT '租户ID',
  `article_id` bigint(20) NULL DEFAULT NULL COMMENT '文章ID',
  `article_title` varchar(255) CHARACTER SET utf8mb4 COLLATE utf8mb4_general_ci NOT NULL COMMENT '文章标题',
  `article_content` text CHARACTER SET utf8mb4 COLLATE utf8mb4_general_ci NOT NULL COMMENT '文章内容',
  `publish_flag` tinyint(1) NOT NULL DEFAULT 1 COMMENT '发布状态，0未发布，1已发布',
  `create_time` datetime NULL DEFAULT NULL COMMENT '创建时间',
  `create_by` varchar(50) CHARACTER SET utf8mb4 COLLATE utf8mb4_general_ci NULL DEFAULT NULL COMMENT '创建人',
  `update_time` datetime NULL DEFAULT NULL COMMENT '更新时间',
  `update_by` varchar(50) CHARACTER SET utf8mb4 COLLATE utf8mb4_general_ci NULL DEFAULT NULL COMMENT '更新人',
  `del_flag` tinyint(1) NOT NULL DEFAULT 0 COMMENT '是否删除，1是，0否',
  PRIMARY KEY (`id`) USING BTREE
) ENGINE = InnoDB CHARACTER SET = utf8mb4 COLLATE = utf8mb4_general_ci COMMENT = '租户博客草稿箱' ROW_FORMAT = Dynamic;

-- ----------------------------
-- Records of blog_article_draft
-- ----------------------------

-- ----------------------------
-- Table structure for blog_comment
-- ----------------------------
DROP TABLE IF EXISTS `blog_comment`;
CREATE TABLE `blog_comment`  (
  `id` bigint(20) NOT NULL COMMENT 'ID',
  `tenant_id` bigint(20) NULL DEFAULT NULL COMMENT '租户ID',
  `open_user_id` bigint(20) NULL DEFAULT NULL COMMENT '开放用户ID',
  `content` varchar(500) CHARACTER SET utf8mb4 COLLATE utf8mb4_general_ci NULL DEFAULT NULL COMMENT '评论内容',
  `create_time` datetime NULL DEFAULT NULL COMMENT '创建时间',
  `create_by` varchar(50) CHARACTER SET utf8mb4 COLLATE utf8mb4_general_ci NULL DEFAULT NULL COMMENT '创建人',
  `update_time` datetime NULL DEFAULT NULL COMMENT '更新时间',
  `update_by` varchar(50) CHARACTER SET utf8mb4 COLLATE utf8mb4_general_ci NULL DEFAULT NULL COMMENT '更新人',
  `del_flag` tinyint(1) NOT NULL DEFAULT 0 COMMENT '是否删除，1是，0否',
  PRIMARY KEY (`id`) USING BTREE
) ENGINE = InnoDB CHARACTER SET = utf8mb4 COLLATE = utf8mb4_general_ci COMMENT = '租户博客评论' ROW_FORMAT = Dynamic;

-- ----------------------------
-- Records of blog_comment
-- ----------------------------

-- ----------------------------
-- Table structure for blog_section
-- ----------------------------
DROP TABLE IF EXISTS `blog_section`;
CREATE TABLE `blog_section`  (
  `id` bigint(20) NOT NULL COMMENT 'ID',
  `parent_id` bigint(20) NOT NULL COMMENT '父ID,最上级为0',
  `tenant_id` bigint(20) NOT NULL COMMENT '租户ID',
  `section_name` varchar(255) CHARACTER SET utf8mb4 COLLATE utf8mb4_general_ci NOT NULL COMMENT '栏目名称',
  `visit_type` tinyint(2) NOT NULL DEFAULT 1 COMMENT '访问类型，1无限制，2统一密码访问',
  `order_num` smallint(5) NOT NULL DEFAULT 0 COMMENT '排序',
  `create_time` datetime NULL DEFAULT NULL COMMENT '创建时间',
  `create_by` varchar(50) CHARACTER SET utf8mb4 COLLATE utf8mb4_general_ci NULL DEFAULT NULL COMMENT '创建人',
  `update_time` datetime NULL DEFAULT NULL COMMENT '更新时间',
  `update_by` varchar(50) CHARACTER SET utf8mb4 COLLATE utf8mb4_general_ci NULL DEFAULT NULL COMMENT '更新人',
  `del_flag` tinyint(1) NOT NULL DEFAULT 0 COMMENT '是否删除，1是，0否',
  PRIMARY KEY (`id`) USING BTREE
) ENGINE = InnoDB CHARACTER SET = utf8mb4 COLLATE = utf8mb4_general_ci COMMENT = '租户博客栏目' ROW_FORMAT = Dynamic;

-- ----------------------------
-- Records of blog_section
-- ----------------------------
INSERT INTO `blog_section` VALUES (298873227894063104, 0, 297516356822106112, '技术人生', 1, 0, '2022-07-04 10:19:59', 'admin', '2022-07-04 10:19:59', 'admin', 0);
INSERT INTO `blog_section` VALUES (298873481892724736, 298873227894063104, 297516356822106112, '框架集成', 1, 0, '2022-07-04 10:21:00', 'admin', '2022-07-04 10:21:00', 'admin', 0);
INSERT INTO `blog_section` VALUES (298873526486564864, 298873227894063104, 297516356822106112, '问题解决', 1, 0, '2022-07-04 10:21:10', 'admin', '2022-07-04 10:21:10', 'admin', 0);
INSERT INTO `blog_section` VALUES (298873692006383616, 0, 297516356822106112, '翻译', 1, 0, '2022-07-04 10:21:50', 'admin', '2022-07-04 10:21:50', 'admin', 0);

-- ----------------------------
-- Table structure for blog_tag
-- ----------------------------
DROP TABLE IF EXISTS `blog_tag`;
CREATE TABLE `blog_tag`  (
  `id` bigint(20) NOT NULL COMMENT 'ID',
  `tenant_id` bigint(20) NOT NULL COMMENT '租户ID',
  `tag_name` varchar(100) CHARACTER SET utf8mb4 COLLATE utf8mb4_general_ci NULL DEFAULT NULL COMMENT '标签名',
  `enable_flag` tinyint(1) NULL DEFAULT 1 COMMENT '是否启用，0禁用1启用',
  `create_time` datetime NULL DEFAULT NULL COMMENT '创建时间',
  `create_by` varchar(50) CHARACTER SET utf8mb4 COLLATE utf8mb4_general_ci NULL DEFAULT NULL COMMENT '创建人',
  `update_time` datetime NULL DEFAULT NULL COMMENT '更新时间',
  `update_by` varchar(50) CHARACTER SET utf8mb4 COLLATE utf8mb4_general_ci NULL DEFAULT NULL COMMENT '更新人',
  `del_flag` tinyint(1) NOT NULL DEFAULT 0 COMMENT '是否删除，1是，0否',
  PRIMARY KEY (`id`) USING BTREE
) ENGINE = InnoDB CHARACTER SET = utf8mb4 COLLATE = utf8mb4_general_ci COMMENT = '租户博客标签' ROW_FORMAT = Dynamic;

-- ----------------------------
-- Records of blog_tag
-- ----------------------------
INSERT INTO `blog_tag` VALUES (298873337780633600, 297516356822106112, 'Java', 1, '2022-07-04 10:20:25', 'admin', '2022-07-04 10:34:58', 'admin', 0);
INSERT INTO `blog_tag` VALUES (298873758314135552, 297516356822106112, 'Spring', 1, '2022-07-04 10:22:06', 'admin', '2022-07-04 10:22:06', 'admin', 0);
INSERT INTO `blog_tag` VALUES (298873790459281408, 297516356822106112, 'SpringBoot', 1, '2022-07-04 10:22:13', 'admin', '2022-07-04 10:22:13', 'admin', 0);
INSERT INTO `blog_tag` VALUES (298877098859167744, 297516356822106112, '面试', 1, '2022-07-04 10:35:22', 'admin', '2022-07-04 10:35:22', 'admin', 0);

-- ----------------------------
-- Table structure for open_user
-- ----------------------------
DROP TABLE IF EXISTS `open_user`;
CREATE TABLE `open_user`  (
  `id` bigint(20) NOT NULL COMMENT 'ID',
  `tenant_id` bigint(20) NOT NULL COMMENT '来源租户ID',
  `username` varchar(255) CHARACTER SET utf8mb4 COLLATE utf8mb4_general_ci NOT NULL COMMENT '用户名',
  `nickname` varchar(255) CHARACTER SET utf8mb4 COLLATE utf8mb4_general_ci NOT NULL COMMENT '昵称',
  `avatar` varchar(255) CHARACTER SET utf8mb4 COLLATE utf8mb4_general_ci NULL DEFAULT NULL COMMENT '头像',
  `mobile` char(11) CHARACTER SET utf8mb4 COLLATE utf8mb4_general_ci NULL DEFAULT NULL COMMENT '手机号',
  `email` varchar(255) CHARACTER SET utf8mb4 COLLATE utf8mb4_general_ci NOT NULL COMMENT '邮箱',
  `password` varchar(255) CHARACTER SET utf8mb4 COLLATE utf8mb4_general_ci NULL DEFAULT NULL COMMENT '密码',
  `salt` varchar(255) CHARACTER SET utf8mb4 COLLATE utf8mb4_general_ci NULL DEFAULT NULL COMMENT '盐值',
  `create_time` datetime NULL DEFAULT NULL COMMENT '创建时间',
  `create_by` varchar(50) CHARACTER SET utf8mb4 COLLATE utf8mb4_general_ci NULL DEFAULT NULL COMMENT '创建人',
  `update_time` datetime NULL DEFAULT NULL COMMENT '更新时间',
  `update_by` varchar(50) CHARACTER SET utf8mb4 COLLATE utf8mb4_general_ci NULL DEFAULT NULL COMMENT '更新人',
  `del_flag` tinyint(1) NOT NULL DEFAULT 0 COMMENT '是否删除，1是，0否',
  PRIMARY KEY (`id`) USING BTREE
) ENGINE = InnoDB CHARACTER SET = utf8mb4 COLLATE = utf8mb4_general_ci COMMENT = '开放用户管理' ROW_FORMAT = Dynamic;

-- ----------------------------
-- Records of open_user
-- ----------------------------

-- ----------------------------
-- Table structure for sequence
-- ----------------------------
DROP TABLE IF EXISTS `sequence`;
CREATE TABLE `sequence`  (
  `id` int(11) NOT NULL AUTO_INCREMENT COMMENT 'ID',
  PRIMARY KEY (`id`) USING BTREE
) ENGINE = InnoDB AUTO_INCREMENT = 42 CHARACTER SET = utf8mb4 COLLATE = utf8mb4_general_ci COMMENT = '序列表' ROW_FORMAT = Dynamic;

-- ----------------------------
-- Records of sequence
-- ----------------------------
INSERT INTO `sequence` VALUES (1);
INSERT INTO `sequence` VALUES (2);
INSERT INTO `sequence` VALUES (3);
INSERT INTO `sequence` VALUES (4);
INSERT INTO `sequence` VALUES (5);
INSERT INTO `sequence` VALUES (6);
INSERT INTO `sequence` VALUES (7);
INSERT INTO `sequence` VALUES (8);
INSERT INTO `sequence` VALUES (9);
INSERT INTO `sequence` VALUES (10);
INSERT INTO `sequence` VALUES (11);
INSERT INTO `sequence` VALUES (12);
INSERT INTO `sequence` VALUES (13);
INSERT INTO `sequence` VALUES (14);
INSERT INTO `sequence` VALUES (15);
INSERT INTO `sequence` VALUES (16);
INSERT INTO `sequence` VALUES (17);
INSERT INTO `sequence` VALUES (18);
INSERT INTO `sequence` VALUES (19);
INSERT INTO `sequence` VALUES (20);
INSERT INTO `sequence` VALUES (21);
INSERT INTO `sequence` VALUES (22);
INSERT INTO `sequence` VALUES (23);
INSERT INTO `sequence` VALUES (24);
INSERT INTO `sequence` VALUES (25);
INSERT INTO `sequence` VALUES (26);
INSERT INTO `sequence` VALUES (27);
INSERT INTO `sequence` VALUES (28);
INSERT INTO `sequence` VALUES (29);
INSERT INTO `sequence` VALUES (30);
INSERT INTO `sequence` VALUES (31);
INSERT INTO `sequence` VALUES (32);
INSERT INTO `sequence` VALUES (33);
INSERT INTO `sequence` VALUES (34);
INSERT INTO `sequence` VALUES (35);
INSERT INTO `sequence` VALUES (36);
INSERT INTO `sequence` VALUES (37);
INSERT INTO `sequence` VALUES (38);
INSERT INTO `sequence` VALUES (39);
INSERT INTO `sequence` VALUES (40);

-- ----------------------------
-- Table structure for sys_config
-- ----------------------------
DROP TABLE IF EXISTS `sys_config`;
CREATE TABLE `sys_config`  (
  `id` bigint(20) NOT NULL COMMENT 'ID',
  `config_name` varchar(255) CHARACTER SET utf8mb4 COLLATE utf8mb4_general_ci NOT NULL COMMENT '配置名称',
  `config_key` varchar(255) CHARACTER SET utf8mb4 COLLATE utf8mb4_general_ci NOT NULL COMMENT '配置key',
  `config_type` tinyint(2) NOT NULL COMMENT '配置类型，1text,2json',
  `config_value` text CHARACTER SET utf8mb4 COLLATE utf8mb4_general_ci NOT NULL COMMENT '配置信息',
  `create_time` datetime NULL DEFAULT NULL COMMENT '创建时间',
  `create_by` varchar(50) CHARACTER SET utf8mb4 COLLATE utf8mb4_general_ci NULL DEFAULT NULL COMMENT '创建人',
  `update_time` datetime NULL DEFAULT NULL COMMENT '更新时间',
  `update_by` varchar(50) CHARACTER SET utf8mb4 COLLATE utf8mb4_general_ci NULL DEFAULT NULL COMMENT '更新人',
  `del_flag` tinyint(1) NOT NULL DEFAULT 0 COMMENT '是否删除，1是，0否',
  `enable_flag` tinyint(1) NULL DEFAULT 1 COMMENT '是否启用，0启用1禁用',
  PRIMARY KEY (`id`) USING BTREE
) ENGINE = InnoDB CHARACTER SET = utf8mb4 COLLATE = utf8mb4_general_ci COMMENT = '系统配置' ROW_FORMAT = Dynamic;

-- ----------------------------
-- Records of sys_config
-- ----------------------------

-- ----------------------------
-- Table structure for sys_dept
-- ----------------------------
DROP TABLE IF EXISTS `sys_dept`;
CREATE TABLE `sys_dept`  (
  `id` bigint(20) NOT NULL COMMENT 'ID',
  `tenant_id` bigint(20) NOT NULL COMMENT '租户ID',
  `parent_id` bigint(20) NOT NULL COMMENT '父级部门，不存在则为0',
  `dept_name` varchar(100) CHARACTER SET utf8mb4 COLLATE utf8mb4_general_ci NOT NULL COMMENT '部门名称',
  `create_time` datetime NULL DEFAULT NULL COMMENT '创建时间',
  `create_by` varchar(50) CHARACTER SET utf8mb4 COLLATE utf8mb4_general_ci NULL DEFAULT NULL COMMENT '创建人',
  `update_time` datetime NULL DEFAULT NULL COMMENT '更新时间',
  `update_by` varchar(50) CHARACTER SET utf8mb4 COLLATE utf8mb4_general_ci NULL DEFAULT NULL COMMENT '更新人',
  `del_flag` tinyint(1) NOT NULL DEFAULT 0 COMMENT '是否删除，1是，0否',
  PRIMARY KEY (`id`) USING BTREE
) ENGINE = InnoDB CHARACTER SET = utf8mb4 COLLATE = utf8mb4_general_ci COMMENT = '系统部门' ROW_FORMAT = Dynamic;

-- ----------------------------
-- Records of sys_dept
-- ----------------------------

-- ----------------------------
-- Table structure for sys_dict
-- ----------------------------
DROP TABLE IF EXISTS `sys_dict`;
CREATE TABLE `sys_dict`  (
  `id` bigint(20) NOT NULL COMMENT 'ID',
  `dict_code` varchar(50) CHARACTER SET utf8mb4 COLLATE utf8mb4_general_ci NOT NULL COMMENT '字典编码',
  `dict_name` varchar(50) CHARACTER SET utf8mb4 COLLATE utf8mb4_general_ci NULL DEFAULT NULL COMMENT '字典名称',
  `remark` varchar(255) CHARACTER SET utf8mb4 COLLATE utf8mb4_general_ci NULL DEFAULT NULL COMMENT '备注',
  `create_time` datetime NULL DEFAULT NULL COMMENT '创建时间',
  `create_by` varchar(50) CHARACTER SET utf8mb4 COLLATE utf8mb4_general_ci NULL DEFAULT NULL COMMENT '创建人',
  `update_time` datetime NULL DEFAULT NULL COMMENT '更新时间',
  `update_by` varchar(50) CHARACTER SET utf8mb4 COLLATE utf8mb4_general_ci NULL DEFAULT NULL COMMENT '更新人',
  `del_flag` tinyint(1) NOT NULL DEFAULT 0 COMMENT '是否删除，1是，0否',
  PRIMARY KEY (`id`) USING BTREE
) ENGINE = InnoDB CHARACTER SET = utf8mb4 COLLATE = utf8mb4_general_ci COMMENT = '数据字典' ROW_FORMAT = Dynamic;

-- ----------------------------
-- Records of sys_dict
-- ----------------------------
INSERT INTO `sys_dict` VALUES (297874820157145088, 'enableFlag', '启用状态', '0未启用，1启用', '2022-07-01 16:12:40', 'admin', '2022-07-01 16:12:40', 'admin', 0);
INSERT INTO `sys_dict` VALUES (297892445075537920, 'upgradeType', 'APP包更新类型', '是否需要更新，0无需更新，1需要更新，2需要且强制更新', '2022-07-01 17:22:42', 'admin', '2022-07-01 17:22:42', 'admin', 0);
INSERT INTO `sys_dict` VALUES (297893233105567744, 'sysMenuType', '系统菜单类型', '菜单类型(0:菜单组; 1:子菜单; 2:按钮权限)', '2022-07-01 17:25:50', 'admin', '2022-07-02 09:28:15', 'admin', 0);
INSERT INTO `sys_dict` VALUES (298869120441516032, 'blogVisitType', '访问类型', '博客访问类型：1通用类型，2统一密码，3独立密码', '2022-07-04 10:03:40', 'admin', '2022-07-04 10:03:40', 'admin', 0);
INSERT INTO `sys_dict` VALUES (308376560618962944, 'logType', '日志类型', '1:登录日志;2:操作日志;3:定时任务;4:异常日志;', '2022-07-30 15:42:50', 'admin', '2022-07-30 15:42:50', 'admin', 0);
INSERT INTO `sys_dict` VALUES (308376657037623296, 'logOperateType', '日志操作类型', '1查询，2添加，3修改，4删除，5导入，6导出', '2022-07-30 15:43:13', 'admin', '2022-07-30 15:43:13', 'admin', 0);
INSERT INTO `sys_dict` VALUES (309038187844468736, 'logModule', '日志模块', 'sys:系统模块;blog:博客模块', '2022-08-01 11:31:55', 'admin', '2022-08-01 11:31:55', 'admin', 0);

-- ----------------------------
-- Table structure for sys_dict_copy1
-- ----------------------------
DROP TABLE IF EXISTS `sys_dict_copy1`;
CREATE TABLE `sys_dict_copy1`  (
  `id` bigint(20) NOT NULL COMMENT 'ID',
  `dict_code` varchar(50) CHARACTER SET utf8mb4 COLLATE utf8mb4_general_ci NOT NULL COMMENT '字典编码',
  `dict_name` varchar(50) CHARACTER SET utf8mb4 COLLATE utf8mb4_general_ci NULL DEFAULT NULL COMMENT '字典名称',
  `remark` varchar(255) CHARACTER SET utf8mb4 COLLATE utf8mb4_general_ci NULL DEFAULT NULL COMMENT '备注',
  `create_time` datetime NULL DEFAULT NULL COMMENT '创建时间',
  `create_by` varchar(50) CHARACTER SET utf8mb4 COLLATE utf8mb4_general_ci NULL DEFAULT NULL COMMENT '创建人',
  `update_time` datetime NULL DEFAULT NULL COMMENT '更新时间',
  `update_by` varchar(50) CHARACTER SET utf8mb4 COLLATE utf8mb4_general_ci NULL DEFAULT NULL COMMENT '更新人',
  `del_flag` tinyint(1) NOT NULL DEFAULT 0 COMMENT '是否删除，1是，0否',
  PRIMARY KEY (`id`) USING BTREE
) ENGINE = InnoDB CHARACTER SET = utf8mb4 COLLATE = utf8mb4_general_ci COMMENT = '数据字典' ROW_FORMAT = Dynamic;

-- ----------------------------
-- Records of sys_dict_copy1
-- ----------------------------
INSERT INTO `sys_dict_copy1` VALUES (297874820157145088, 'enableFlag', '启用状态', '0未启用，1启用', '2022-07-01 16:12:40', 'admin', '2022-07-01 16:12:40', 'admin', 0);
INSERT INTO `sys_dict_copy1` VALUES (297892445075537920, 'upgradeType', 'APP包更新类型', '是否需要更新，0无需更新，1需要更新，2需要且强制更新', '2022-07-01 17:22:42', 'admin', '2022-07-01 17:22:42', 'admin', 0);
INSERT INTO `sys_dict_copy1` VALUES (297893233105567744, 'sysMenuType', '系统菜单类型', '菜单类型(0:菜单组; 1:子菜单; 2:按钮权限)', '2022-07-01 17:25:50', 'admin', '2022-07-02 09:28:15', 'admin', 0);
INSERT INTO `sys_dict_copy1` VALUES (298869120441516032, 'blogVisitType', '访问类型', '博客访问类型：1通用类型，2统一密码，3独立密码', '2022-07-04 10:03:40', 'admin', '2022-07-04 10:03:40', 'admin', 0);
INSERT INTO `sys_dict_copy1` VALUES (308376560618962944, 'logType', '日志类型', '1:登录日志;2:操作日志;3:定时任务;4:异常日志;', '2022-07-30 15:42:50', 'admin', '2022-07-30 15:42:50', 'admin', 0);
INSERT INTO `sys_dict_copy1` VALUES (308376657037623296, 'logOperateType', '日志操作类型', '1查询，2添加，3修改，4删除，5导入，6导出', '2022-07-30 15:43:13', 'admin', '2022-07-30 15:43:13', 'admin', 0);
INSERT INTO `sys_dict_copy1` VALUES (309038187844468736, 'logModule', '日志模块', 'sys:系统模块;blog:博客模块', '2022-08-01 11:31:55', 'admin', '2022-08-01 11:31:55', 'admin', 0);

-- ----------------------------
-- Table structure for sys_dict_item
-- ----------------------------
DROP TABLE IF EXISTS `sys_dict_item`;
CREATE TABLE `sys_dict_item`  (
  `id` bigint(20) NOT NULL COMMENT 'ID',
  `dict_id` bigint(20) NULL DEFAULT NULL COMMENT '字典ID',
  `dict_code` varchar(50) CHARACTER SET utf8mb4 COLLATE utf8mb4_general_ci NULL DEFAULT NULL COMMENT '字典编码',
  `dict_value` varchar(50) CHARACTER SET utf8mb4 COLLATE utf8mb4_general_ci NULL DEFAULT NULL COMMENT '数据值',
  `dict_label` varchar(50) CHARACTER SET utf8mb4 COLLATE utf8mb4_general_ci NULL DEFAULT NULL COMMENT '数据显示项',
  `remark` varchar(255) CHARACTER SET utf8mb4 COLLATE utf8mb4_general_ci NULL DEFAULT NULL COMMENT '备注',
  `create_time` datetime NULL DEFAULT NULL COMMENT '创建时间',
  `create_by` varchar(50) CHARACTER SET utf8mb4 COLLATE utf8mb4_general_ci NULL DEFAULT NULL COMMENT '创建人',
  `update_time` datetime NULL DEFAULT NULL COMMENT '更新时间',
  `update_by` varchar(50) CHARACTER SET utf8mb4 COLLATE utf8mb4_general_ci NULL DEFAULT NULL COMMENT '更新人',
  `del_flag` tinyint(1) NOT NULL DEFAULT 0 COMMENT '是否删除，1是，0否',
  PRIMARY KEY (`id`) USING BTREE
) ENGINE = InnoDB CHARACTER SET = utf8mb4 COLLATE = utf8mb4_general_ci COMMENT = '数据字典信息' ROW_FORMAT = Dynamic;

-- ----------------------------
-- Records of sys_dict_item
-- ----------------------------
INSERT INTO `sys_dict_item` VALUES (297888703869616128, 297874820157145100, 'enableFlag', '0', '禁用', NULL, '2022-07-01 17:07:50', 'admin', '2022-07-01 17:07:50', 'admin', 0);
INSERT INTO `sys_dict_item` VALUES (297888758722723840, 297874820157145100, 'enableFlag', '1', '启用', NULL, '2022-07-01 17:08:03', 'admin', '2022-07-01 17:10:38', 'admin', 0);
INSERT INTO `sys_dict_item` VALUES (297892666132135936, 297892445075537900, 'upgradeType', '0', '不更新', NULL, '2022-07-01 17:23:35', 'admin', '2022-07-01 17:23:35', 'admin', 0);
INSERT INTO `sys_dict_item` VALUES (297892786697404416, 297892445075537920, 'upgradeType', '1', '需要更新', NULL, '2022-07-01 17:24:04', 'admin', '2022-07-01 17:24:04', 'admin', 0);
INSERT INTO `sys_dict_item` VALUES (297892850715066368, 297892445075537920, 'upgradeType', '2', '强制更新', NULL, '2022-07-01 17:24:19', 'admin', '2022-07-01 17:24:19', 'admin', 0);
INSERT INTO `sys_dict_item` VALUES (298208819480100864, 297893233105567744, 'sysMenuType', '0', '菜单组', NULL, '2022-07-02 14:19:52', 'admin', '2022-07-02 14:19:52', 'admin', 0);
INSERT INTO `sys_dict_item` VALUES (298208936132083712, 297893233105567744, 'sysMenuType', '1', '菜单', NULL, '2022-07-02 14:20:20', 'admin', '2022-07-02 14:20:20', 'admin', 0);
INSERT INTO `sys_dict_item` VALUES (298208989949198336, 297893233105567744, 'sysMenuType', '2', '按钮权限', NULL, '2022-07-02 14:20:33', 'admin', '2022-07-02 14:20:33', 'admin', 0);
INSERT INTO `sys_dict_item` VALUES (298869256689287168, 298869120441516032, 'blogVisitType', '1', '不限制', NULL, '2022-07-04 10:04:12', 'admin', '2022-07-04 10:04:12', 'admin', 0);
INSERT INTO `sys_dict_item` VALUES (298869347680518144, 298869120441516032, 'blogVisitType', '2', '统一密码', NULL, '2022-07-04 10:04:34', 'admin', '2022-07-04 10:04:34', 'admin', 0);
INSERT INTO `sys_dict_item` VALUES (298869455021146112, 298869120441516032, 'blogVisitType', '3', '独立密码', NULL, '2022-07-04 10:05:00', 'admin', '2022-07-04 10:05:00', 'admin', 0);
INSERT INTO `sys_dict_item` VALUES (308376929742880768, 308376560618962944, 'logType', '1', '登录日志', NULL, '2022-07-30 15:44:18', 'admin', '2022-07-30 15:44:18', 'admin', 0);
INSERT INTO `sys_dict_item` VALUES (308394842570883072, 308376560618962944, 'logType', '2', '操作日志', NULL, '2022-07-30 16:55:29', 'admin', '2022-07-30 16:55:29', 'admin', 0);
INSERT INTO `sys_dict_item` VALUES (308395219437486080, 308376560618962944, 'logType', '3', '定时任务', NULL, '2022-07-30 16:56:59', 'admin', '2022-07-30 16:56:59', 'admin', 0);
INSERT INTO `sys_dict_item` VALUES (308395266589851648, 308376560618962944, 'logType', '4', '异常日志', NULL, '2022-07-30 16:57:10', 'admin', '2022-07-30 16:57:10', 'admin', 0);
INSERT INTO `sys_dict_item` VALUES (308395314757238784, 308376657037623296, 'logOperateType', '1', '查询', NULL, '2022-07-30 16:57:22', 'admin', '2022-07-30 16:57:22', 'admin', 0);
INSERT INTO `sys_dict_item` VALUES (308395351507730432, 308376657037623296, 'logOperateType', '2', '添加', NULL, '2022-07-30 16:57:30', 'admin', '2022-07-30 16:57:30', 'admin', 0);
INSERT INTO `sys_dict_item` VALUES (308395511696588800, 308376657037623296, 'logOperateType', '3', '修改', NULL, '2022-07-30 16:58:09', 'admin', '2022-07-30 16:58:09', 'admin', 0);
INSERT INTO `sys_dict_item` VALUES (308395558630850560, 308376657037623296, 'logOperateType', '4', '删除', NULL, '2022-07-30 16:58:20', 'admin', '2022-07-30 16:58:20', 'admin', 0);
INSERT INTO `sys_dict_item` VALUES (308395593590374400, 308376657037623296, 'logOperateType', '5', '导入', NULL, '2022-07-30 16:58:28', 'admin', '2022-07-30 16:58:28', 'admin', 0);
INSERT INTO `sys_dict_item` VALUES (308395634266734592, 308376657037623296, 'logOperateType', '6', '导出', NULL, '2022-07-30 16:58:38', 'admin', '2022-07-30 16:58:38', 'admin', 0);
INSERT INTO `sys_dict_item` VALUES (309038251849547776, 309038187844468736, 'logModule', 'SYS', '系统模块', NULL, '2022-08-01 11:32:10', 'admin', '2022-08-01 11:33:25', 'admin', 0);
INSERT INTO `sys_dict_item` VALUES (309038540849676288, 309038187844468736, 'logModule', 'BLOG', '博客模块', NULL, '2022-08-01 11:33:19', 'admin', '2022-08-01 11:33:19', 'admin', 0);

-- ----------------------------
-- Table structure for sys_file
-- ----------------------------
DROP TABLE IF EXISTS `sys_file`;
CREATE TABLE `sys_file`  (
  `id` bigint(20) NOT NULL COMMENT 'ID',
  `modules` varchar(50) CHARACTER SET utf8mb4 COLLATE utf8mb4_general_ci NOT NULL COMMENT '模块，alioss,minio',
  `net_path` varchar(255) CHARACTER SET utf8mb4 COLLATE utf8mb4_general_ci NOT NULL COMMENT '网络地址',
  `file_path` varchar(255) CHARACTER SET utf8mb4 COLLATE utf8mb4_general_ci NOT NULL COMMENT '文件地址',
  `file_size` double NOT NULL COMMENT '文件大小',
  `file_suffix` varchar(50) CHARACTER SET utf8mb4 COLLATE utf8mb4_general_ci NOT NULL COMMENT '文件后缀',
  `create_time` datetime NULL DEFAULT NULL COMMENT '创建时间',
  `create_by` varchar(50) CHARACTER SET utf8mb4 COLLATE utf8mb4_general_ci NULL DEFAULT NULL COMMENT '创建人',
  `update_time` datetime NULL DEFAULT NULL COMMENT '更新时间',
  `update_by` varchar(50) CHARACTER SET utf8mb4 COLLATE utf8mb4_general_ci NULL DEFAULT NULL COMMENT '更新人',
  `del_flag` tinyint(1) NOT NULL DEFAULT 0 COMMENT '是否删除，1是，0否',
  PRIMARY KEY (`id`) USING BTREE
) ENGINE = InnoDB CHARACTER SET = utf8mb4 COLLATE = utf8mb4_general_ci COMMENT = '文件管理' ROW_FORMAT = Dynamic;

-- ----------------------------
-- Records of sys_file
-- ----------------------------

-- ----------------------------
-- Table structure for sys_log
-- ----------------------------
DROP TABLE IF EXISTS `sys_log`;
CREATE TABLE `sys_log`  (
  `id` bigint(20) NOT NULL COMMENT 'ID',
  `log_module` varchar(50) CHARACTER SET utf8mb4 COLLATE utf8mb4_general_ci NOT NULL COMMENT '日志模块，sys,blog',
  `log_title` varchar(50) CHARACTER SET utf8mb4 COLLATE utf8mb4_general_ci NOT NULL COMMENT '日志标题',
  `log_value` varchar(50) CHARACTER SET utf8mb4 COLLATE utf8mb4_general_ci NOT NULL COMMENT '日志内容',
  `log_type` tinyint(2) NOT NULL COMMENT '日志类型1:登录日志;2:操作日志;3:定时任务;4:异常日志;',
  `user_id` bigint(20) NOT NULL COMMENT '用户ID',
  `operate_type` tinyint(2) NOT NULL COMMENT '操作类型',
  `ip_address` varchar(100) CHARACTER SET utf8mb4 COLLATE utf8mb4_general_ci NULL DEFAULT NULL COMMENT 'IP地址',
  `method` varchar(500) CHARACTER SET utf8mb4 COLLATE utf8mb4_general_ci NULL DEFAULT NULL COMMENT '请求方法',
  `request_url` varchar(50) CHARACTER SET utf8mb4 COLLATE utf8mb4_general_ci NULL DEFAULT NULL COMMENT '请求url路径',
  `request_type` varchar(50) CHARACTER SET utf8mb4 COLLATE utf8mb4_general_ci NULL DEFAULT NULL COMMENT '请求类型',
  `request_params` text CHARACTER SET utf8mb4 COLLATE utf8mb4_general_ci NULL COMMENT '请求参数',
  `cost_time` int(11) NULL DEFAULT NULL COMMENT '耗费时间',
  `err_msg` varchar(1000) CHARACTER SET utf8mb4 COLLATE utf8mb4_general_ci NULL DEFAULT NULL COMMENT '异常信息',
  `create_time` datetime NULL DEFAULT NULL COMMENT '创建时间',
  `create_by` varchar(50) CHARACTER SET utf8mb4 COLLATE utf8mb4_general_ci NULL DEFAULT NULL COMMENT '创建人',
  `update_time` datetime NULL DEFAULT NULL COMMENT '更新时间',
  `update_by` varchar(50) CHARACTER SET utf8mb4 COLLATE utf8mb4_general_ci NULL DEFAULT NULL COMMENT '更新人',
  `del_flag` tinyint(1) NOT NULL DEFAULT 0 COMMENT '是否删除，1是，0否',
  PRIMARY KEY (`id`) USING BTREE
) ENGINE = InnoDB CHARACTER SET = utf8mb4 COLLATE = utf8mb4_general_ci COMMENT = '系统日志' ROW_FORMAT = Dynamic;

-- ----------------------------
-- Records of sys_log
-- ----------------------------
INSERT INTO `sys_log` VALUES (309044758544646144, 'SYS', '系统用户管理', '分页查询', 2, 292798030246051840, 1, '0:0:0:0:0:0:0:1', 'top.zsmile.modules.sys.controller.SysUserController.list', NULL, 'GET', '{\"id\":[\"\"],\"tenantId\":[\"\"],\"username\":[\"\"],\"realName\":[\"\"],\"password\":[\"\"],\"salt\":[\"\"],\"enableFlag\":[\"1\"],\"remark\":[\"\"],\"size\":[\"10\"],\"page\":[\"1\"]}', 11, NULL, '2022-08-01 11:58:01', 'admin', '2022-08-01 11:58:01', 'admin', 0);
INSERT INTO `sys_log` VALUES (309044761942032384, 'SYS', '系统菜单管理', '分页查询', 2, 292798030246051840, 1, '0:0:0:0:0:0:0:1', 'top.zsmile.modules.sys.controller.SysMenuController.list', NULL, 'GET', '{\"id\":[\"\"],\"parentId\":[\"\"],\"menuName\":[\"\"],\"menuIcon\":[\"\"],\"routeUrl\":[\"\"],\"routeView\":[\"\"],\"menuType\":[\"\"],\"perm\":[\"\"],\"orderNum\":[\"\"],\"enableFlag\":[\"\"],\"size\":[\"10\"],\"page\":[\"1\"]}', 8, NULL, '2022-08-01 11:58:02', 'admin', '2022-08-01 11:58:02', 'admin', 0);
INSERT INTO `sys_log` VALUES (309044782359904256, 'SYS', '系统菜单管理', '更新', 2, 292798030246051840, 3, '0:0:0:0:0:0:0:1', 'top.zsmile.modules.sys.controller.SysMenuController.update', NULL, 'POST', '[{\"createBy\":\"admin\",\"createTime\":1659086376000,\"delFlag\":0,\"enableFlag\":1,\"id\":308038523393409024,\"menuIcon\":\"test\",\"menuName\":\"测试1111\",\"menuType\":0,\"orderNum\":9,\"parentId\":0,\"routeUrl\":\"/test\",\"updateBy\":\"admin\",\"updateTime\":1659326286740}]', 10, NULL, '2022-08-01 11:58:07', 'admin', '2022-08-01 11:58:07', 'admin', 0);
INSERT INTO `sys_log` VALUES (309044782561230848, 'SYS', '系统菜单管理', '分页查询', 2, 292798030246051840, 1, '0:0:0:0:0:0:0:1', 'top.zsmile.modules.sys.controller.SysMenuController.list', NULL, 'GET', '{\"id\":[\"\"],\"parentId\":[\"\"],\"menuName\":[\"\"],\"menuIcon\":[\"\"],\"routeUrl\":[\"\"],\"routeView\":[\"\"],\"menuType\":[\"\"],\"perm\":[\"\"],\"orderNum\":[\"\"],\"enableFlag\":[\"\"],\"size\":[\"-1\"],\"page\":[\"1\"]}', 12, NULL, '2022-08-01 11:58:07', 'admin', '2022-08-01 11:58:07', 'admin', 0);
INSERT INTO `sys_log` VALUES (309044797388095488, 'SYS', '系统日志', '分页查询', 2, 292798030246051840, 1, '0:0:0:0:0:0:0:1', 'top.zsmile.modules.sys.controller.SysLogController.list', NULL, 'GET', '{\"id\":[\"\"],\"logModule\":[\"\"],\"logTitle\":[\"\"],\"logValue\":[\"\"],\"logType\":[\"\"],\"userId\":[\"\"],\"operateType\":[\"\"],\"ipAddress\":[\"\"],\"method\":[\"\"],\"requestUrl\":[\"\"],\"requestType\":[\"\"],\"requestParams\":[\"\"],\"costTime\":[\"\"],\"errMsg\":[\"\"],\"size\":[\"10\"],\"page\":[\"1\"]}', 9, NULL, '2022-08-01 11:58:10', 'admin', '2022-08-01 11:58:10', 'admin', 0);
INSERT INTO `sys_log` VALUES (309044824638488576, 'SYS', '系统日志', '分页查询', 2, 292798030246051840, 1, '0:0:0:0:0:0:0:1', 'top.zsmile.modules.sys.controller.SysLogController.list', NULL, 'GET', '{\"id\":[\"\"],\"logModule\":[\"\"],\"logTitle\":[\"\"],\"logValue\":[\"\"],\"logType\":[\"\"],\"userId\":[\"\"],\"operateType\":[\"\"],\"ipAddress\":[\"\"],\"method\":[\"\"],\"requestUrl\":[\"\"],\"requestType\":[\"\"],\"requestParams\":[\"\"],\"costTime\":[\"\"],\"errMsg\":[\"\"],\"size\":[\"10\"],\"page\":[\"1\"]}', 11, NULL, '2022-08-01 11:58:17', 'admin', '2022-08-01 11:58:17', 'admin', 0);
INSERT INTO `sys_log` VALUES (309044836479008768, 'SYS', '系统日志', '分页查询', 2, 292798030246051840, 1, '0:0:0:0:0:0:0:1', 'top.zsmile.modules.sys.controller.SysLogController.list', NULL, 'GET', '{\"id\":[\"\"],\"logModule\":[\"\"],\"logTitle\":[\"\"],\"logValue\":[\"\"],\"logType\":[\"\"],\"userId\":[\"\"],\"operateType\":[\"\"],\"ipAddress\":[\"\"],\"method\":[\"\"],\"requestUrl\":[\"\"],\"requestType\":[\"\"],\"requestParams\":[\"\"],\"costTime\":[\"\"],\"errMsg\":[\"\"],\"size\":[\"10\"],\"page\":[\"1\"]}', 8, NULL, '2022-08-01 11:58:20', 'admin', '2022-08-01 11:58:20', 'admin', 0);
INSERT INTO `sys_log` VALUES (309044950689906688, 'SYS', '系统日志', '分页查询', 2, 292798030246051840, 1, '0:0:0:0:0:0:0:1', 'top.zsmile.modules.sys.controller.SysLogController.list', NULL, 'GET', '{\"id\":[\"\"],\"logModule\":[\"\"],\"logTitle\":[\"\"],\"logValue\":[\"\"],\"logType\":[\"\"],\"userId\":[\"\"],\"operateType\":[\"1\"],\"ipAddress\":[\"\"],\"method\":[\"\"],\"requestUrl\":[\"\"],\"requestType\":[\"\"],\"requestParams\":[\"\"],\"costTime\":[\"\"],\"errMsg\":[\"\"],\"size\":[\"10\"],\"page\":[\"1\"]}', 9, NULL, '2022-08-01 11:58:47', 'admin', '2022-08-01 11:58:47', 'admin', 0);
INSERT INTO `sys_log` VALUES (309044974429667328, 'SYS', '系统日志', '分页查询', 2, 292798030246051840, 1, '0:0:0:0:0:0:0:1', 'top.zsmile.modules.sys.controller.SysLogController.list', NULL, 'GET', '{\"id\":[\"\"],\"logModule\":[\"\"],\"logTitle\":[\"\"],\"logValue\":[\"\"],\"logType\":[\"\"],\"userId\":[\"\"],\"operateType\":[\"\"],\"ipAddress\":[\"\"],\"method\":[\"\"],\"requestUrl\":[\"\"],\"requestType\":[\"\"],\"requestParams\":[\"\"],\"costTime\":[\"\"],\"errMsg\":[\"\"],\"size\":[\"10\"],\"page\":[\"1\"]}', 8, NULL, '2022-08-01 11:58:53', 'admin', '2022-08-01 11:58:53', 'admin', 0);
INSERT INTO `sys_log` VALUES (309044982042329088, 'SYS', '系统日志', '分页查询', 2, 292798030246051840, 1, '0:0:0:0:0:0:0:1', 'top.zsmile.modules.sys.controller.SysLogController.list', NULL, 'GET', '{\"id\":[\"\"],\"logModule\":[\"\"],\"logTitle\":[\"\"],\"logValue\":[\"\"],\"logType\":[\"\"],\"userId\":[\"\"],\"operateType\":[\"\"],\"ipAddress\":[\"\"],\"method\":[\"\"],\"requestUrl\":[\"\"],\"requestType\":[\"\"],\"requestParams\":[\"\"],\"costTime\":[\"\"],\"errMsg\":[\"\"],\"size\":[\"10\"],\"page\":[\"1\"]}', 7, NULL, '2022-08-01 11:58:54', 'admin', '2022-08-01 11:58:54', 'admin', 0);
INSERT INTO `sys_log` VALUES (309044996135190528, 'SYS', '系统日志', '分页查询', 2, 292798030246051840, 1, '0:0:0:0:0:0:0:1', 'top.zsmile.modules.sys.controller.SysLogController.list', NULL, 'GET', '{\"id\":[\"\"],\"logModule\":[\"\"],\"logTitle\":[\"\"],\"logValue\":[\"\"],\"logType\":[\"\"],\"userId\":[\"\"],\"operateType\":[\"\"],\"ipAddress\":[\"\"],\"method\":[\"\"],\"requestUrl\":[\"\"],\"requestType\":[\"\"],\"requestParams\":[\"\"],\"costTime\":[\"\"],\"errMsg\":[\"\"],\"size\":[\"10\"],\"page\":[\"1\"]}', 9, NULL, '2022-08-01 11:58:58', 'admin', '2022-08-01 11:58:58', 'admin', 0);
INSERT INTO `sys_log` VALUES (309045028892704768, 'SYS', '系统日志', '分页查询', 2, 292798030246051840, 1, '0:0:0:0:0:0:0:1', 'top.zsmile.modules.sys.controller.SysLogController.list', NULL, 'GET', '{\"id\":[\"\"],\"logModule\":[\"\"],\"logTitle\":[\"\"],\"logValue\":[\"\"],\"logType\":[\"\"],\"userId\":[\"\"],\"operateType\":[\"1\"],\"ipAddress\":[\"\"],\"method\":[\"\"],\"requestUrl\":[\"\"],\"requestType\":[\"\"],\"requestParams\":[\"\"],\"costTime\":[\"\"],\"errMsg\":[\"\"],\"size\":[\"10\"],\"page\":[\"1\"]}', 8, NULL, '2022-08-01 11:59:06', 'admin', '2022-08-01 11:59:06', 'admin', 0);
INSERT INTO `sys_log` VALUES (309045119082823680, 'SYS', '系统日志', '分页查询', 2, 292798030246051840, 1, '0:0:0:0:0:0:0:1', 'top.zsmile.modules.sys.controller.SysLogController.list', NULL, 'GET', '{\"id\":[\"\"],\"logModule\":[\"\"],\"logTitle\":[\"\"],\"logValue\":[\"\"],\"logType\":[\"\"],\"userId\":[\"\"],\"operateType\":[\"\"],\"ipAddress\":[\"\"],\"method\":[\"\"],\"requestUrl\":[\"\"],\"requestType\":[\"\"],\"requestParams\":[\"\"],\"costTime\":[\"\"],\"errMsg\":[\"\"],\"size\":[\"10\"],\"page\":[\"1\"]}', 9, NULL, '2022-08-01 11:59:27', 'admin', '2022-08-01 11:59:27', 'admin', 0);
INSERT INTO `sys_log` VALUES (309045230756167680, 'SYS', '系统日志', '分页查询', 2, 292798030246051840, 1, '0:0:0:0:0:0:0:1', 'top.zsmile.modules.sys.controller.SysLogController.list', NULL, 'GET', '{\"id\":[\"\"],\"logModule\":[\"\"],\"logTitle\":[\"\"],\"logValue\":[\"\"],\"logType\":[\"\"],\"userId\":[\"\"],\"operateType\":[\"2\"],\"ipAddress\":[\"\"],\"method\":[\"\"],\"requestUrl\":[\"\"],\"requestType\":[\"\"],\"requestParams\":[\"\"],\"costTime\":[\"\"],\"errMsg\":[\"\"],\"size\":[\"10\"],\"page\":[\"1\"]}', 7, NULL, '2022-08-01 11:59:54', 'admin', '2022-08-01 11:59:54', 'admin', 0);
INSERT INTO `sys_log` VALUES (309045239643897856, 'SYS', '系统日志', '分页查询', 2, 292798030246051840, 1, '0:0:0:0:0:0:0:1', 'top.zsmile.modules.sys.controller.SysLogController.list', NULL, 'GET', '{\"id\":[\"\"],\"logModule\":[\"\"],\"logTitle\":[\"\"],\"logValue\":[\"\"],\"logType\":[\"\"],\"userId\":[\"\"],\"operateType\":[\"3\"],\"ipAddress\":[\"\"],\"method\":[\"\"],\"requestUrl\":[\"\"],\"requestType\":[\"\"],\"requestParams\":[\"\"],\"costTime\":[\"\"],\"errMsg\":[\"\"],\"size\":[\"10\"],\"page\":[\"1\"]}', 7, NULL, '2022-08-01 11:59:56', 'admin', '2022-08-01 11:59:56', 'admin', 0);
INSERT INTO `sys_log` VALUES (309045255234125824, 'SYS', '系统日志', '分页查询', 2, 292798030246051840, 1, '0:0:0:0:0:0:0:1', 'top.zsmile.modules.sys.controller.SysLogController.list', NULL, 'GET', '{\"id\":[\"\"],\"logModule\":[\"\"],\"logTitle\":[\"\"],\"logValue\":[\"\"],\"logType\":[\"\"],\"userId\":[\"\"],\"operateType\":[\"4\"],\"ipAddress\":[\"\"],\"method\":[\"\"],\"requestUrl\":[\"\"],\"requestType\":[\"\"],\"requestParams\":[\"\"],\"costTime\":[\"\"],\"errMsg\":[\"\"],\"size\":[\"10\"],\"page\":[\"1\"]}', 6, NULL, '2022-08-01 12:00:00', 'admin', '2022-08-01 12:00:00', 'admin', 0);
INSERT INTO `sys_log` VALUES (309045265900240896, 'SYS', '系统日志', '分页查询', 2, 292798030246051840, 1, '0:0:0:0:0:0:0:1', 'top.zsmile.modules.sys.controller.SysLogController.list', NULL, 'GET', '{\"id\":[\"\"],\"logModule\":[\"\"],\"logTitle\":[\"\"],\"logValue\":[\"\"],\"logType\":[\"\"],\"userId\":[\"\"],\"operateType\":[\"1\"],\"ipAddress\":[\"\"],\"method\":[\"\"],\"requestUrl\":[\"\"],\"requestType\":[\"\"],\"requestParams\":[\"\"],\"costTime\":[\"\"],\"errMsg\":[\"\"],\"size\":[\"10\"],\"page\":[\"1\"]}', 10, NULL, '2022-08-01 12:00:02', 'admin', '2022-08-01 12:00:02', 'admin', 0);
INSERT INTO `sys_log` VALUES (309045276557967360, 'SYS', '系统日志', '分页查询', 2, 292798030246051840, 1, '0:0:0:0:0:0:0:1', 'top.zsmile.modules.sys.controller.SysLogController.list', NULL, 'GET', '{\"id\":[\"\"],\"logModule\":[\"\"],\"logTitle\":[\"\"],\"logValue\":[\"\"],\"logType\":[\"\"],\"userId\":[\"\"],\"operateType\":[\"1\"],\"ipAddress\":[\"\"],\"method\":[\"\"],\"requestUrl\":[\"\"],\"requestType\":[\"\"],\"requestParams\":[\"\"],\"costTime\":[\"\"],\"errMsg\":[\"\"],\"size\":[\"10\"],\"page\":[\"1\"]}', 8, NULL, '2022-08-01 12:00:05', 'admin', '2022-08-01 12:00:05', 'admin', 0);
INSERT INTO `sys_log` VALUES (309045280743882752, 'SYS', '系统日志', '分页查询', 2, 292798030246051840, 1, '0:0:0:0:0:0:0:1', 'top.zsmile.modules.sys.controller.SysLogController.list', NULL, 'GET', '{\"id\":[\"\"],\"logModule\":[\"\"],\"logTitle\":[\"\"],\"logValue\":[\"\"],\"logType\":[\"\"],\"userId\":[\"\"],\"operateType\":[\"1\"],\"ipAddress\":[\"\"],\"method\":[\"\"],\"requestUrl\":[\"\"],\"requestType\":[\"\"],\"requestParams\":[\"\"],\"costTime\":[\"\"],\"errMsg\":[\"\"],\"size\":[\"10\"],\"page\":[\"1\"]}', 7, NULL, '2022-08-01 12:00:06', 'admin', '2022-08-01 12:00:06', 'admin', 0);
INSERT INTO `sys_log` VALUES (309045283692478464, 'SYS', '系统日志', '分页查询', 2, 292798030246051840, 1, '0:0:0:0:0:0:0:1', 'top.zsmile.modules.sys.controller.SysLogController.list', NULL, 'GET', '{\"id\":[\"\"],\"logModule\":[\"\"],\"logTitle\":[\"\"],\"logValue\":[\"\"],\"logType\":[\"\"],\"userId\":[\"\"],\"operateType\":[\"1\"],\"ipAddress\":[\"\"],\"method\":[\"\"],\"requestUrl\":[\"\"],\"requestType\":[\"\"],\"requestParams\":[\"\"],\"costTime\":[\"\"],\"errMsg\":[\"\"],\"size\":[\"10\"],\"page\":[\"1\"]}', 6, NULL, '2022-08-01 12:00:06', 'admin', '2022-08-01 12:00:06', 'admin', 0);
INSERT INTO `sys_log` VALUES (309045284464230400, 'SYS', '系统日志', '分页查询', 2, 292798030246051840, 1, '0:0:0:0:0:0:0:1', 'top.zsmile.modules.sys.controller.SysLogController.list', NULL, 'GET', '{\"id\":[\"\"],\"logModule\":[\"\"],\"logTitle\":[\"\"],\"logValue\":[\"\"],\"logType\":[\"\"],\"userId\":[\"\"],\"operateType\":[\"1\"],\"ipAddress\":[\"\"],\"method\":[\"\"],\"requestUrl\":[\"\"],\"requestType\":[\"\"],\"requestParams\":[\"\"],\"costTime\":[\"\"],\"errMsg\":[\"\"],\"size\":[\"10\"],\"page\":[\"1\"]}', 8, NULL, '2022-08-01 12:00:06', 'admin', '2022-08-01 12:00:06', 'admin', 0);
INSERT INTO `sys_log` VALUES (309045285168873472, 'SYS', '系统日志', '分页查询', 2, 292798030246051840, 1, '0:0:0:0:0:0:0:1', 'top.zsmile.modules.sys.controller.SysLogController.list', NULL, 'GET', '{\"id\":[\"\"],\"logModule\":[\"\"],\"logTitle\":[\"\"],\"logValue\":[\"\"],\"logType\":[\"\"],\"userId\":[\"\"],\"operateType\":[\"1\"],\"ipAddress\":[\"\"],\"method\":[\"\"],\"requestUrl\":[\"\"],\"requestType\":[\"\"],\"requestParams\":[\"\"],\"costTime\":[\"\"],\"errMsg\":[\"\"],\"size\":[\"10\"],\"page\":[\"1\"]}', 7, NULL, '2022-08-01 12:00:07', 'admin', '2022-08-01 12:00:07', 'admin', 0);
INSERT INTO `sys_log` VALUES (309045285886099456, 'SYS', '系统日志', '分页查询', 2, 292798030246051840, 1, '0:0:0:0:0:0:0:1', 'top.zsmile.modules.sys.controller.SysLogController.list', NULL, 'GET', '{\"id\":[\"\"],\"logModule\":[\"\"],\"logTitle\":[\"\"],\"logValue\":[\"\"],\"logType\":[\"\"],\"userId\":[\"\"],\"operateType\":[\"1\"],\"ipAddress\":[\"\"],\"method\":[\"\"],\"requestUrl\":[\"\"],\"requestType\":[\"\"],\"requestParams\":[\"\"],\"costTime\":[\"\"],\"errMsg\":[\"\"],\"size\":[\"10\"],\"page\":[\"1\"]}', 7, NULL, '2022-08-01 12:00:07', 'admin', '2022-08-01 12:00:07', 'admin', 0);
INSERT INTO `sys_log` VALUES (309045286657851392, 'SYS', '系统日志', '分页查询', 2, 292798030246051840, 1, '0:0:0:0:0:0:0:1', 'top.zsmile.modules.sys.controller.SysLogController.list', NULL, 'GET', '{\"id\":[\"\"],\"logModule\":[\"\"],\"logTitle\":[\"\"],\"logValue\":[\"\"],\"logType\":[\"\"],\"userId\":[\"\"],\"operateType\":[\"1\"],\"ipAddress\":[\"\"],\"method\":[\"\"],\"requestUrl\":[\"\"],\"requestType\":[\"\"],\"requestParams\":[\"\"],\"costTime\":[\"\"],\"errMsg\":[\"\"],\"size\":[\"10\"],\"page\":[\"1\"]}', 7, NULL, '2022-08-01 12:00:07', 'admin', '2022-08-01 12:00:07', 'admin', 0);
INSERT INTO `sys_log` VALUES (309045301140783104, 'SYS', '系统日志', '分页查询', 2, 292798030246051840, 1, '0:0:0:0:0:0:0:1', 'top.zsmile.modules.sys.controller.SysLogController.list', NULL, 'GET', '{\"id\":[\"\"],\"logModule\":[\"\"],\"logTitle\":[\"\"],\"logValue\":[\"\"],\"logType\":[\"\"],\"userId\":[\"\"],\"operateType\":[\"2\"],\"ipAddress\":[\"\"],\"method\":[\"\"],\"requestUrl\":[\"\"],\"requestType\":[\"\"],\"requestParams\":[\"\"],\"costTime\":[\"\"],\"errMsg\":[\"\"],\"size\":[\"10\"],\"page\":[\"1\"]}', 7, NULL, '2022-08-01 12:00:10', 'admin', '2022-08-01 12:00:10', 'admin', 0);
INSERT INTO `sys_log` VALUES (309045305695797248, 'SYS', '系统日志', '分页查询', 2, 292798030246051840, 1, '0:0:0:0:0:0:0:1', 'top.zsmile.modules.sys.controller.SysLogController.list', NULL, 'GET', '{\"id\":[\"\"],\"logModule\":[\"\"],\"logTitle\":[\"\"],\"logValue\":[\"\"],\"logType\":[\"\"],\"userId\":[\"\"],\"operateType\":[\"2\"],\"ipAddress\":[\"\"],\"method\":[\"\"],\"requestUrl\":[\"\"],\"requestType\":[\"\"],\"requestParams\":[\"\"],\"costTime\":[\"\"],\"errMsg\":[\"\"],\"size\":[\"10\"],\"page\":[\"1\"]}', 5, NULL, '2022-08-01 12:00:12', 'admin', '2022-08-01 12:00:12', 'admin', 0);
INSERT INTO `sys_log` VALUES (309045315900538880, 'SYS', '系统日志', '分页查询', 2, 292798030246051840, 1, '0:0:0:0:0:0:0:1', 'top.zsmile.modules.sys.controller.SysLogController.list', NULL, 'GET', '{\"id\":[\"\"],\"logModule\":[\"\"],\"logTitle\":[\"\"],\"logValue\":[\"\"],\"logType\":[\"\"],\"userId\":[\"\"],\"operateType\":[\"\"],\"ipAddress\":[\"\"],\"method\":[\"\"],\"requestUrl\":[\"\"],\"requestType\":[\"\"],\"requestParams\":[\"\"],\"costTime\":[\"\"],\"errMsg\":[\"\"],\"size\":[\"10\"],\"page\":[\"1\"]}', 6, NULL, '2022-08-01 12:00:14', 'admin', '2022-08-01 12:00:14', 'admin', 0);
INSERT INTO `sys_log` VALUES (309045435320762368, 'SYS', '系统日志', '分页查询', 2, 292798030246051840, 1, '0:0:0:0:0:0:0:1', 'top.zsmile.modules.sys.controller.SysLogController.list', NULL, 'GET', '{\"id\":[\"\"],\"logModule\":[\"\"],\"logTitle\":[\"\"],\"logValue\":[\"\"],\"logType\":[\"\"],\"userId\":[\"\"],\"operateType\":[\"\"],\"ipAddress\":[\"\"],\"method\":[\"\"],\"requestUrl\":[\"\"],\"requestType\":[\"\"],\"requestParams\":[\"\"],\"costTime\":[\"\"],\"errMsg\":[\"\"],\"size\":[\"10\"],\"page\":[\"1\"]}', 8, NULL, '2022-08-01 12:00:42', 'admin', '2022-08-01 12:00:42', 'admin', 0);
INSERT INTO `sys_log` VALUES (309045447974977536, 'SYS', '系统日志', '分页查询', 2, 292798030246051840, 1, '0:0:0:0:0:0:0:1', 'top.zsmile.modules.sys.controller.SysLogController.list', NULL, 'GET', '{\"id\":[\"\"],\"logModule\":[\"\"],\"logTitle\":[\"\"],\"logValue\":[\"\"],\"logType\":[\"\"],\"userId\":[\"\"],\"operateType\":[\"1\"],\"ipAddress\":[\"\"],\"method\":[\"\"],\"requestUrl\":[\"\"],\"requestType\":[\"\"],\"requestParams\":[\"\"],\"costTime\":[\"\"],\"errMsg\":[\"\"],\"size\":[\"10\"],\"page\":[\"1\"]}', 7, NULL, '2022-08-01 12:00:45', 'admin', '2022-08-01 12:00:45', 'admin', 0);
INSERT INTO `sys_log` VALUES (309045450386702336, 'SYS', '系统日志', '分页查询', 2, 292798030246051840, 1, '0:0:0:0:0:0:0:1', 'top.zsmile.modules.sys.controller.SysLogController.list', NULL, 'GET', '{\"id\":[\"\"],\"logModule\":[\"\"],\"logTitle\":[\"\"],\"logValue\":[\"\"],\"logType\":[\"\"],\"userId\":[\"\"],\"operateType\":[\"1\"],\"ipAddress\":[\"\"],\"method\":[\"\"],\"requestUrl\":[\"\"],\"requestType\":[\"\"],\"requestParams\":[\"\"],\"costTime\":[\"\"],\"errMsg\":[\"\"],\"size\":[\"10\"],\"page\":[\"1\"]}', 6, NULL, '2022-08-01 12:00:46', 'admin', '2022-08-01 12:00:46', 'admin', 0);
INSERT INTO `sys_log` VALUES (309045453138165760, 'SYS', '系统日志', '分页查询', 2, 292798030246051840, 1, '0:0:0:0:0:0:0:1', 'top.zsmile.modules.sys.controller.SysLogController.list', NULL, 'GET', '{\"id\":[\"\"],\"logModule\":[\"\"],\"logTitle\":[\"\"],\"logValue\":[\"\"],\"logType\":[\"\"],\"userId\":[\"\"],\"operateType\":[\"1\"],\"ipAddress\":[\"\"],\"method\":[\"\"],\"requestUrl\":[\"\"],\"requestType\":[\"\"],\"requestParams\":[\"\"],\"costTime\":[\"\"],\"errMsg\":[\"\"],\"size\":[\"10\"],\"page\":[\"1\"]}', 7, NULL, '2022-08-01 12:00:47', 'admin', '2022-08-01 12:00:47', 'admin', 0);
INSERT INTO `sys_log` VALUES (309045453880557568, 'SYS', '系统日志', '分页查询', 2, 292798030246051840, 1, '0:0:0:0:0:0:0:1', 'top.zsmile.modules.sys.controller.SysLogController.list', NULL, 'GET', '{\"id\":[\"\"],\"logModule\":[\"\"],\"logTitle\":[\"\"],\"logValue\":[\"\"],\"logType\":[\"\"],\"userId\":[\"\"],\"operateType\":[\"1\"],\"ipAddress\":[\"\"],\"method\":[\"\"],\"requestUrl\":[\"\"],\"requestType\":[\"\"],\"requestParams\":[\"\"],\"costTime\":[\"\"],\"errMsg\":[\"\"],\"size\":[\"10\"],\"page\":[\"1\"]}', 7, NULL, '2022-08-01 12:00:47', 'admin', '2022-08-01 12:00:47', 'admin', 0);
INSERT INTO `sys_log` VALUES (309045454576812032, 'SYS', '系统日志', '分页查询', 2, 292798030246051840, 1, '0:0:0:0:0:0:0:1', 'top.zsmile.modules.sys.controller.SysLogController.list', NULL, 'GET', '{\"id\":[\"\"],\"logModule\":[\"\"],\"logTitle\":[\"\"],\"logValue\":[\"\"],\"logType\":[\"\"],\"userId\":[\"\"],\"operateType\":[\"1\"],\"ipAddress\":[\"\"],\"method\":[\"\"],\"requestUrl\":[\"\"],\"requestType\":[\"\"],\"requestParams\":[\"\"],\"costTime\":[\"\"],\"errMsg\":[\"\"],\"size\":[\"10\"],\"page\":[\"1\"]}', 6, NULL, '2022-08-01 12:00:47', 'admin', '2022-08-01 12:00:47', 'admin', 0);
INSERT INTO `sys_log` VALUES (309045461300281344, 'SYS', '系统日志', '分页查询', 2, 292798030246051840, 1, '0:0:0:0:0:0:0:1', 'top.zsmile.modules.sys.controller.SysLogController.list', NULL, 'GET', '{\"id\":[\"\"],\"logModule\":[\"\"],\"logTitle\":[\"\"],\"logValue\":[\"\"],\"logType\":[\"\"],\"userId\":[\"\"],\"operateType\":[\"\"],\"ipAddress\":[\"\"],\"method\":[\"\"],\"requestUrl\":[\"\"],\"requestType\":[\"\"],\"requestParams\":[\"\"],\"costTime\":[\"\"],\"errMsg\":[\"\"],\"size\":[\"10\"],\"page\":[\"1\"]}', 6, NULL, '2022-08-01 12:00:49', 'admin', '2022-08-01 12:00:49', 'admin', 0);
INSERT INTO `sys_log` VALUES (309045462042673152, 'SYS', '系统日志', '分页查询', 2, 292798030246051840, 1, '0:0:0:0:0:0:0:1', 'top.zsmile.modules.sys.controller.SysLogController.list', NULL, 'GET', '{\"id\":[\"\"],\"logModule\":[\"\"],\"logTitle\":[\"\"],\"logValue\":[\"\"],\"logType\":[\"\"],\"userId\":[\"\"],\"operateType\":[\"\"],\"ipAddress\":[\"\"],\"method\":[\"\"],\"requestUrl\":[\"\"],\"requestType\":[\"\"],\"requestParams\":[\"\"],\"costTime\":[\"\"],\"errMsg\":[\"\"],\"size\":[\"10\"],\"page\":[\"1\"]}', 10, NULL, '2022-08-01 12:00:49', 'admin', '2022-08-01 12:00:49', 'admin', 0);
INSERT INTO `sys_log` VALUES (309045765290852352, 'SYS', '系统日志', '分页查询', 2, 292798030246051840, 1, '0:0:0:0:0:0:0:1', 'top.zsmile.modules.sys.controller.SysLogController.list', NULL, 'GET', '{\"id\":[\"\"],\"logModule\":[\"\"],\"logTitle\":[\"\"],\"logValue\":[\"\"],\"logType\":[\"\"],\"userId\":[\"\"],\"operateType\":[\"2\"],\"ipAddress\":[\"\"],\"method\":[\"\"],\"requestUrl\":[\"\"],\"requestType\":[\"\"],\"requestParams\":[\"\"],\"costTime\":[\"\"],\"errMsg\":[\"\"],\"size\":[\"10\"],\"page\":[\"1\"]}', 7, NULL, '2022-08-01 12:02:01', 'admin', '2022-08-01 12:02:01', 'admin', 0);
INSERT INTO `sys_log` VALUES (309045767375421440, 'SYS', '系统日志', '分页查询', 2, 292798030246051840, 1, '0:0:0:0:0:0:0:1', 'top.zsmile.modules.sys.controller.SysLogController.list', NULL, 'GET', '{\"id\":[\"\"],\"logModule\":[\"\"],\"logTitle\":[\"\"],\"logValue\":[\"\"],\"logType\":[\"\"],\"userId\":[\"\"],\"operateType\":[\"2\"],\"ipAddress\":[\"\"],\"method\":[\"\"],\"requestUrl\":[\"\"],\"requestType\":[\"\"],\"requestParams\":[\"\"],\"costTime\":[\"\"],\"errMsg\":[\"\"],\"size\":[\"10\"],\"page\":[\"1\"]}', 7, NULL, '2022-08-01 12:02:02', 'admin', '2022-08-01 12:02:02', 'admin', 0);
INSERT INTO `sys_log` VALUES (309045770764419072, 'SYS', '系统日志', '分页查询', 2, 292798030246051840, 1, '0:0:0:0:0:0:0:1', 'top.zsmile.modules.sys.controller.SysLogController.list', NULL, 'GET', '{\"id\":[\"\"],\"logModule\":[\"\"],\"logTitle\":[\"\"],\"logValue\":[\"\"],\"logType\":[\"\"],\"userId\":[\"\"],\"operateType\":[\"2\"],\"ipAddress\":[\"\"],\"method\":[\"\"],\"requestUrl\":[\"\"],\"requestType\":[\"\"],\"requestParams\":[\"\"],\"costTime\":[\"\"],\"errMsg\":[\"\"],\"size\":[\"10\"],\"page\":[\"1\"]}', 6, NULL, '2022-08-01 12:02:02', 'admin', '2022-08-01 12:02:02', 'admin', 0);
INSERT INTO `sys_log` VALUES (309045771401953280, 'SYS', '系统日志', '分页查询', 2, 292798030246051840, 1, '0:0:0:0:0:0:0:1', 'top.zsmile.modules.sys.controller.SysLogController.list', NULL, 'GET', '{\"id\":[\"\"],\"logModule\":[\"\"],\"logTitle\":[\"\"],\"logValue\":[\"\"],\"logType\":[\"\"],\"userId\":[\"\"],\"operateType\":[\"2\"],\"ipAddress\":[\"\"],\"method\":[\"\"],\"requestUrl\":[\"\"],\"requestType\":[\"\"],\"requestParams\":[\"\"],\"costTime\":[\"\"],\"errMsg\":[\"\"],\"size\":[\"10\"],\"page\":[\"1\"]}', 5, NULL, '2022-08-01 12:02:03', 'admin', '2022-08-01 12:02:03', 'admin', 0);
INSERT INTO `sys_log` VALUES (309045793531101184, 'SYS', '系统日志', '分页查询', 2, 292798030246051840, 1, '0:0:0:0:0:0:0:1', 'top.zsmile.modules.sys.controller.SysLogController.list', NULL, 'GET', '{\"id\":[\"\"],\"logModule\":[\"\"],\"logTitle\":[\"\"],\"logValue\":[\"\"],\"logType\":[\"\"],\"userId\":[\"\"],\"operateType\":[\"\"],\"ipAddress\":[\"\"],\"method\":[\"\"],\"requestUrl\":[\"\"],\"requestType\":[\"\"],\"requestParams\":[\"\"],\"costTime\":[\"\"],\"errMsg\":[\"\"],\"size\":[\"10\"],\"page\":[\"1\"]}', 10, NULL, '2022-08-01 12:02:08', 'admin', '2022-08-01 12:02:08', 'admin', 0);
INSERT INTO `sys_log` VALUES (309045801236037632, 'SYS', '系统日志', '分页查询', 2, 292798030246051840, 1, '0:0:0:0:0:0:0:1', 'top.zsmile.modules.sys.controller.SysLogController.list', NULL, 'GET', '{\"id\":[\"\"],\"logModule\":[\"\"],\"logTitle\":[\"\"],\"logValue\":[\"\"],\"logType\":[\"\"],\"userId\":[\"\"],\"operateType\":[\"1\"],\"ipAddress\":[\"\"],\"method\":[\"\"],\"requestUrl\":[\"\"],\"requestType\":[\"\"],\"requestParams\":[\"\"],\"costTime\":[\"\"],\"errMsg\":[\"\"],\"size\":[\"10\"],\"page\":[\"1\"]}', 7, NULL, '2022-08-01 12:02:10', 'admin', '2022-08-01 12:02:10', 'admin', 0);
INSERT INTO `sys_log` VALUES (309045804289490944, 'SYS', '系统日志', '分页查询', 2, 292798030246051840, 1, '0:0:0:0:0:0:0:1', 'top.zsmile.modules.sys.controller.SysLogController.list', NULL, 'GET', '{\"id\":[\"\"],\"logModule\":[\"\"],\"logTitle\":[\"\"],\"logValue\":[\"\"],\"logType\":[\"\"],\"userId\":[\"\"],\"operateType\":[\"\"],\"ipAddress\":[\"\"],\"method\":[\"\"],\"requestUrl\":[\"\"],\"requestType\":[\"\"],\"requestParams\":[\"\"],\"costTime\":[\"\"],\"errMsg\":[\"\"],\"size\":[\"10\"],\"page\":[\"1\"]}', 7, NULL, '2022-08-01 12:02:10', 'admin', '2022-08-01 12:02:10', 'admin', 0);
INSERT INTO `sys_log` VALUES (309045817648349184, 'SYS', '系统日志', '分页查询', 2, 292798030246051840, 1, '0:0:0:0:0:0:0:1', 'top.zsmile.modules.sys.controller.SysLogController.list', NULL, 'GET', '{\"id\":[\"\"],\"logModule\":[\"\"],\"logTitle\":[\"\"],\"logValue\":[\"\"],\"logType\":[\"\"],\"userId\":[\"\"],\"operateType\":[\"2\"],\"ipAddress\":[\"\"],\"method\":[\"\"],\"requestUrl\":[\"\"],\"requestType\":[\"\"],\"requestParams\":[\"\"],\"costTime\":[\"\"],\"errMsg\":[\"\"],\"size\":[\"10\"],\"page\":[\"1\"]}', 8, NULL, '2022-08-01 12:02:14', 'admin', '2022-08-01 12:02:14', 'admin', 0);
INSERT INTO `sys_log` VALUES (309045819649032192, 'SYS', '系统日志', '分页查询', 2, 292798030246051840, 1, '0:0:0:0:0:0:0:1', 'top.zsmile.modules.sys.controller.SysLogController.list', NULL, 'GET', '{\"id\":[\"\"],\"logModule\":[\"\"],\"logTitle\":[\"\"],\"logValue\":[\"\"],\"logType\":[\"\"],\"userId\":[\"\"],\"operateType\":[\"\"],\"ipAddress\":[\"\"],\"method\":[\"\"],\"requestUrl\":[\"\"],\"requestType\":[\"\"],\"requestParams\":[\"\"],\"costTime\":[\"\"],\"errMsg\":[\"\"],\"size\":[\"10\"],\"page\":[\"1\"]}', 6, NULL, '2022-08-01 12:02:14', 'admin', '2022-08-01 12:02:14', 'admin', 0);
INSERT INTO `sys_log` VALUES (309046436509515776, 'SYS', '系统日志', '分页查询', 2, 292798030246051840, 1, '0:0:0:0:0:0:0:1', 'top.zsmile.modules.sys.controller.SysLogController.list', NULL, 'GET', '{\"id\":[\"\"],\"logModule\":[\"\"],\"logTitle\":[\"\"],\"logValue\":[\"\"],\"logType\":[\"\"],\"userId\":[\"\"],\"operateType\":[\"\"],\"ipAddress\":[\"\"],\"method\":[\"\"],\"requestUrl\":[\"\"],\"requestType\":[\"\"],\"requestParams\":[\"\"],\"costTime\":[\"\"],\"errMsg\":[\"\"],\"size\":[\"10\"],\"page\":[\"1\"]}', 8, NULL, '2022-08-01 12:04:41', 'admin', '2022-08-01 12:04:41', 'admin', 0);
INSERT INTO `sys_log` VALUES (309046487797465088, 'SYS', '系统日志', '分页查询', 2, 292798030246051840, 1, '0:0:0:0:0:0:0:1', 'top.zsmile.modules.sys.controller.SysLogController.list', NULL, 'GET', '{\"id\":[\"\"],\"logModule\":[\"\"],\"logTitle\":[\"\"],\"logValue\":[\"\"],\"logType\":[\"\"],\"userId\":[\"\"],\"operateType\":[\"\"],\"ipAddress\":[\"\"],\"method\":[\"\"],\"requestUrl\":[\"\"],\"requestType\":[\"\"],\"requestParams\":[\"\"],\"costTime\":[\"\"],\"errMsg\":[\"\"],\"size\":[\"10\"],\"page\":[\"1\"]}', 9, NULL, '2022-08-01 12:04:53', 'admin', '2022-08-01 12:04:53', 'admin', 0);
INSERT INTO `sys_log` VALUES (309046568860778496, 'SYS', '系统日志', '分页查询', 2, 292798030246051840, 1, '0:0:0:0:0:0:0:1', 'top.zsmile.modules.sys.controller.SysLogController.list', NULL, 'GET', '{\"id\":[\"\"],\"logModule\":[\"\"],\"logTitle\":[\"\"],\"logValue\":[\"\"],\"logType\":[\"\"],\"userId\":[\"\"],\"operateType\":[\"3\"],\"ipAddress\":[\"\"],\"method\":[\"\"],\"requestUrl\":[\"\"],\"requestType\":[\"\"],\"requestParams\":[\"\"],\"costTime\":[\"\"],\"errMsg\":[\"\"],\"size\":[\"10\"],\"page\":[\"1\"]}', 7, NULL, '2022-08-01 12:05:13', 'admin', '2022-08-01 12:05:13', 'admin', 0);
INSERT INTO `sys_log` VALUES (309046571809374208, 'SYS', '系统日志', '分页查询', 2, 292798030246051840, 1, '0:0:0:0:0:0:0:1', 'top.zsmile.modules.sys.controller.SysLogController.list', NULL, 'GET', '{\"id\":[\"\"],\"logModule\":[\"\"],\"logTitle\":[\"\"],\"logValue\":[\"\"],\"logType\":[\"\"],\"userId\":[\"\"],\"operateType\":[\"3\"],\"ipAddress\":[\"\"],\"method\":[\"\"],\"requestUrl\":[\"\"],\"requestType\":[\"\"],\"requestParams\":[\"\"],\"costTime\":[\"\"],\"errMsg\":[\"\"],\"size\":[\"10\"],\"page\":[\"1\"]}', 6, NULL, '2022-08-01 12:05:13', 'admin', '2022-08-01 12:05:13', 'admin', 0);
INSERT INTO `sys_log` VALUES (309046574493728768, 'SYS', '系统日志', '分页查询', 2, 292798030246051840, 1, '0:0:0:0:0:0:0:1', 'top.zsmile.modules.sys.controller.SysLogController.list', NULL, 'GET', '{\"id\":[\"\"],\"logModule\":[\"\"],\"logTitle\":[\"\"],\"logValue\":[\"\"],\"logType\":[\"\"],\"userId\":[\"\"],\"operateType\":[\"3\"],\"ipAddress\":[\"\"],\"method\":[\"\"],\"requestUrl\":[\"\"],\"requestType\":[\"\"],\"requestParams\":[\"\"],\"costTime\":[\"\"],\"errMsg\":[\"\"],\"size\":[\"10\"],\"page\":[\"1\"]}', 7, NULL, '2022-08-01 12:05:14', 'admin', '2022-08-01 12:05:14', 'admin', 0);
INSERT INTO `sys_log` VALUES (309046575231926272, 'SYS', '系统日志', '分页查询', 2, 292798030246051840, 1, '0:0:0:0:0:0:0:1', 'top.zsmile.modules.sys.controller.SysLogController.list', NULL, 'GET', '{\"id\":[\"\"],\"logModule\":[\"\"],\"logTitle\":[\"\"],\"logValue\":[\"\"],\"logType\":[\"\"],\"userId\":[\"\"],\"operateType\":[\"3\"],\"ipAddress\":[\"\"],\"method\":[\"\"],\"requestUrl\":[\"\"],\"requestType\":[\"\"],\"requestParams\":[\"\"],\"costTime\":[\"\"],\"errMsg\":[\"\"],\"size\":[\"10\"],\"page\":[\"1\"]}', 6, NULL, '2022-08-01 12:05:14', 'admin', '2022-08-01 12:05:14', 'admin', 0);
INSERT INTO `sys_log` VALUES (309046575865266176, 'SYS', '系统日志', '分页查询', 2, 292798030246051840, 1, '0:0:0:0:0:0:0:1', 'top.zsmile.modules.sys.controller.SysLogController.list', NULL, 'GET', '{\"id\":[\"\"],\"logModule\":[\"\"],\"logTitle\":[\"\"],\"logValue\":[\"\"],\"logType\":[\"\"],\"userId\":[\"\"],\"operateType\":[\"3\"],\"ipAddress\":[\"\"],\"method\":[\"\"],\"requestUrl\":[\"\"],\"requestType\":[\"\"],\"requestParams\":[\"\"],\"costTime\":[\"\"],\"errMsg\":[\"\"],\"size\":[\"10\"],\"page\":[\"1\"]}', 6, NULL, '2022-08-01 12:05:14', 'admin', '2022-08-01 12:05:14', 'admin', 0);
INSERT INTO `sys_log` VALUES (309046576565714944, 'SYS', '系统日志', '分页查询', 2, 292798030246051840, 1, '0:0:0:0:0:0:0:1', 'top.zsmile.modules.sys.controller.SysLogController.list', NULL, 'GET', '{\"id\":[\"\"],\"logModule\":[\"\"],\"logTitle\":[\"\"],\"logValue\":[\"\"],\"logType\":[\"\"],\"userId\":[\"\"],\"operateType\":[\"3\"],\"ipAddress\":[\"\"],\"method\":[\"\"],\"requestUrl\":[\"\"],\"requestType\":[\"\"],\"requestParams\":[\"\"],\"costTime\":[\"\"],\"errMsg\":[\"\"],\"size\":[\"10\"],\"page\":[\"1\"]}', 5, NULL, '2022-08-01 12:05:15', 'admin', '2022-08-01 12:05:15', 'admin', 0);
INSERT INTO `sys_log` VALUES (309046620983394304, 'SYS', '系统日志', '分页查询', 2, 292798030246051840, 1, '0:0:0:0:0:0:0:1', 'top.zsmile.modules.sys.controller.SysLogController.list', NULL, 'GET', '{\"id\":[\"\"],\"logModule\":[\"\"],\"logTitle\":[\"\"],\"logValue\":[\"\"],\"logType\":[\"\"],\"userId\":[\"\"],\"operateType\":[\"\"],\"ipAddress\":[\"\"],\"method\":[\"\"],\"requestUrl\":[\"\"],\"requestType\":[\"\"],\"requestParams\":[\"\"],\"costTime\":[\"\"],\"errMsg\":[\"\"],\"size\":[\"10\"],\"page\":[\"1\"]}', 9, NULL, '2022-08-01 12:05:25', 'admin', '2022-08-01 12:05:25', 'admin', 0);
INSERT INTO `sys_log` VALUES (309046629019680768, 'SYS', '系统日志', '分页查询', 2, 292798030246051840, 1, '0:0:0:0:0:0:0:1', 'top.zsmile.modules.sys.controller.SysLogController.list', NULL, 'GET', '{\"id\":[\"\"],\"logModule\":[\"\"],\"logTitle\":[\"\"],\"logValue\":[\"\"],\"logType\":[\"\"],\"userId\":[\"\"],\"operateType\":[\"3\"],\"ipAddress\":[\"\"],\"method\":[\"\"],\"requestUrl\":[\"\"],\"requestType\":[\"\"],\"requestParams\":[\"\"],\"costTime\":[\"\"],\"errMsg\":[\"\"],\"size\":[\"10\"],\"page\":[\"1\"]}', 7, NULL, '2022-08-01 12:05:27', 'admin', '2022-08-01 12:05:27', 'admin', 0);
INSERT INTO `sys_log` VALUES (309046631200718848, 'SYS', '系统日志', '分页查询', 2, 292798030246051840, 1, '0:0:0:0:0:0:0:1', 'top.zsmile.modules.sys.controller.SysLogController.list', NULL, 'GET', '{\"id\":[\"\"],\"logModule\":[\"\"],\"logTitle\":[\"\"],\"logValue\":[\"\"],\"logType\":[\"\"],\"userId\":[\"\"],\"operateType\":[\"\"],\"ipAddress\":[\"\"],\"method\":[\"\"],\"requestUrl\":[\"\"],\"requestType\":[\"\"],\"requestParams\":[\"\"],\"costTime\":[\"\"],\"errMsg\":[\"\"],\"size\":[\"10\"],\"page\":[\"1\"]}', 6, NULL, '2022-08-01 12:05:28', 'admin', '2022-08-01 12:05:28', 'admin', 0);
INSERT INTO `sys_log` VALUES (309079991818125312, 'SYS', '系统日志', '分页查询', 2, 292798030246051840, 1, '0:0:0:0:0:0:0:1', 'top.zsmile.modules.sys.controller.SysLogController.list', NULL, 'GET', '{\"id\":[\"\"],\"logModule\":[\"\"],\"logTitle\":[\"\"],\"logValue\":[\"\"],\"logType\":[\"\"],\"userId\":[\"\"],\"operateType\":[\"\"],\"ipAddress\":[\"\"],\"method\":[\"\"],\"requestUrl\":[\"\"],\"requestType\":[\"\"],\"requestParams\":[\"\"],\"costTime\":[\"\"],\"errMsg\":[\"\"],\"size\":[\"10\"],\"page\":[\"1\"]}', 8, NULL, '2022-08-01 14:18:01', 'admin', '2022-08-01 14:18:01', 'admin', 0);
INSERT INTO `sys_log` VALUES (309080035350806528, 'SYS', '系统日志', '分页查询', 2, 292798030246051840, 1, '0:0:0:0:0:0:0:1', 'top.zsmile.modules.sys.controller.SysLogController.list', NULL, 'GET', '{\"id\":[\"\"],\"logModule\":[\"\"],\"logTitle\":[\"\"],\"logValue\":[\"\"],\"logType\":[\"\"],\"userId\":[\"\"],\"operateType\":[\"3\"],\"ipAddress\":[\"\"],\"method\":[\"\"],\"requestUrl\":[\"\"],\"requestType\":[\"\"],\"requestParams\":[\"\"],\"costTime\":[\"\"],\"errMsg\":[\"\"],\"size\":[\"10\"],\"page\":[\"1\"]}', 6, NULL, '2022-08-01 14:18:12', 'admin', '2022-08-01 14:18:12', 'admin', 0);
INSERT INTO `sys_log` VALUES (309080042229465088, 'SYS', '系统日志', '分页查询', 2, 292798030246051840, 1, '0:0:0:0:0:0:0:1', 'top.zsmile.modules.sys.controller.SysLogController.list', NULL, 'GET', '{\"id\":[\"\"],\"logModule\":[\"\"],\"logTitle\":[\"\"],\"logValue\":[\"\"],\"logType\":[\"\"],\"userId\":[\"\"],\"operateType\":[\"3\"],\"ipAddress\":[\"\"],\"method\":[\"\"],\"requestUrl\":[\"\"],\"requestType\":[\"\"],\"requestParams\":[\"\"],\"costTime\":[\"\"],\"errMsg\":[\"\"],\"size\":[\"10\"],\"page\":[\"1\"]}', 6, NULL, '2022-08-01 14:18:13', 'admin', '2022-08-01 14:18:13', 'admin', 0);
INSERT INTO `sys_log` VALUES (309080101247516672, 'SYS', '系统日志', '分页查询', 2, 292798030246051840, 1, '0:0:0:0:0:0:0:1', 'top.zsmile.modules.sys.controller.SysLogController.list', NULL, 'GET', '{\"id\":[\"\"],\"logModule\":[\"\"],\"logTitle\":[\"\"],\"logValue\":[\"\"],\"logType\":[\"\"],\"userId\":[\"\"],\"operateType\":[\"\"],\"ipAddress\":[\"\"],\"method\":[\"\"],\"requestUrl\":[\"\"],\"requestType\":[\"\"],\"requestParams\":[\"\"],\"costTime\":[\"\"],\"errMsg\":[\"\"],\"size\":[\"10\"],\"page\":[\"1\"]}', 9, NULL, '2022-08-01 14:18:27', 'admin', '2022-08-01 14:18:27', 'admin', 0);
INSERT INTO `sys_log` VALUES (309080443162984448, 'SYS', '系统日志', '分页查询', 2, 292798030246051840, 1, '0:0:0:0:0:0:0:1', 'top.zsmile.modules.sys.controller.SysLogController.list', NULL, 'GET', '{\"id\":[\"\"],\"logModule\":[\"\"],\"logTitle\":[\"\"],\"logValue\":[\"\"],\"logType\":[\"\"],\"userId\":[\"\"],\"operateType\":[\"1\"],\"ipAddress\":[\"\"],\"method\":[\"\"],\"requestUrl\":[\"\"],\"requestType\":[\"\"],\"requestParams\":[\"\"],\"costTime\":[\"\"],\"errMsg\":[\"\"],\"size\":[\"10\"],\"page\":[\"1\"]}', 8, NULL, '2022-08-01 14:19:49', 'admin', '2022-08-01 14:19:49', 'admin', 0);
INSERT INTO `sys_log` VALUES (309080452944101376, 'SYS', '系统日志', '分页查询', 2, 292798030246051840, 1, '0:0:0:0:0:0:0:1', 'top.zsmile.modules.sys.controller.SysLogController.list', NULL, 'GET', '{\"id\":[\"\"],\"logModule\":[\"\"],\"logTitle\":[\"\"],\"logValue\":[\"\"],\"logType\":[\"\"],\"userId\":[\"\"],\"operateType\":[\"1\"],\"ipAddress\":[\"\"],\"method\":[\"\"],\"requestUrl\":[\"\"],\"requestType\":[\"\"],\"requestParams\":[\"\"],\"costTime\":[\"\"],\"errMsg\":[\"\"],\"size\":[\"10\"],\"page\":[\"1\"]}', 7, NULL, '2022-08-01 14:19:51', 'admin', '2022-08-01 14:19:51', 'admin', 0);
INSERT INTO `sys_log` VALUES (309080454579879936, 'SYS', '系统日志', '分页查询', 2, 292798030246051840, 1, '0:0:0:0:0:0:0:1', 'top.zsmile.modules.sys.controller.SysLogController.list', NULL, 'GET', '{\"id\":[\"\"],\"logModule\":[\"\"],\"logTitle\":[\"\"],\"logValue\":[\"\"],\"logType\":[\"\"],\"userId\":[\"\"],\"operateType\":[\"1\"],\"ipAddress\":[\"\"],\"method\":[\"\"],\"requestUrl\":[\"\"],\"requestType\":[\"\"],\"requestParams\":[\"\"],\"costTime\":[\"\"],\"errMsg\":[\"\"],\"size\":[\"10\"],\"page\":[\"1\"]}', 6, NULL, '2022-08-01 14:19:52', 'admin', '2022-08-01 14:19:52', 'admin', 0);
INSERT INTO `sys_log` VALUES (309080455313883136, 'SYS', '系统日志', '分页查询', 2, 292798030246051840, 1, '0:0:0:0:0:0:0:1', 'top.zsmile.modules.sys.controller.SysLogController.list', NULL, 'GET', '{\"id\":[\"\"],\"logModule\":[\"\"],\"logTitle\":[\"\"],\"logValue\":[\"\"],\"logType\":[\"\"],\"userId\":[\"\"],\"operateType\":[\"1\"],\"ipAddress\":[\"\"],\"method\":[\"\"],\"requestUrl\":[\"\"],\"requestType\":[\"\"],\"requestParams\":[\"\"],\"costTime\":[\"\"],\"errMsg\":[\"\"],\"size\":[\"10\"],\"page\":[\"1\"]}', 7, NULL, '2022-08-01 14:19:52', 'admin', '2022-08-01 14:19:52', 'admin', 0);
INSERT INTO `sys_log` VALUES (309080478567104512, 'SYS', '系统日志', '分页查询', 2, 292798030246051840, 1, '0:0:0:0:0:0:0:1', 'top.zsmile.modules.sys.controller.SysLogController.list', NULL, 'GET', '{\"id\":[\"\"],\"logModule\":[\"\"],\"logTitle\":[\"\"],\"logValue\":[\"\"],\"logType\":[\"\"],\"userId\":[\"\"],\"operateType\":[\"3\"],\"ipAddress\":[\"\"],\"method\":[\"\"],\"requestUrl\":[\"\"],\"requestType\":[\"\"],\"requestParams\":[\"\"],\"costTime\":[\"\"],\"errMsg\":[\"\"],\"size\":[\"10\"],\"page\":[\"1\"]}', 6, NULL, '2022-08-01 14:19:57', 'admin', '2022-08-01 14:19:57', 'admin', 0);
INSERT INTO `sys_log` VALUES (309080482476195840, 'SYS', '系统日志', '分页查询', 2, 292798030246051840, 1, '0:0:0:0:0:0:0:1', 'top.zsmile.modules.sys.controller.SysLogController.list', NULL, 'GET', '{\"id\":[\"\"],\"logModule\":[\"\"],\"logTitle\":[\"\"],\"logValue\":[\"\"],\"logType\":[\"\"],\"userId\":[\"\"],\"operateType\":[\"3\"],\"ipAddress\":[\"\"],\"method\":[\"\"],\"requestUrl\":[\"\"],\"requestType\":[\"\"],\"requestParams\":[\"\"],\"costTime\":[\"\"],\"errMsg\":[\"\"],\"size\":[\"10\"],\"page\":[\"1\"]}', 7, NULL, '2022-08-01 14:19:58', 'admin', '2022-08-01 14:19:58', 'admin', 0);
INSERT INTO `sys_log` VALUES (309080483268919296, 'SYS', '系统日志', '分页查询', 2, 292798030246051840, 1, '0:0:0:0:0:0:0:1', 'top.zsmile.modules.sys.controller.SysLogController.list', NULL, 'GET', '{\"id\":[\"\"],\"logModule\":[\"\"],\"logTitle\":[\"\"],\"logValue\":[\"\"],\"logType\":[\"\"],\"userId\":[\"\"],\"operateType\":[\"3\"],\"ipAddress\":[\"\"],\"method\":[\"\"],\"requestUrl\":[\"\"],\"requestType\":[\"\"],\"requestParams\":[\"\"],\"costTime\":[\"\"],\"errMsg\":[\"\"],\"size\":[\"10\"],\"page\":[\"1\"]}', 6, NULL, '2022-08-01 14:19:59', 'admin', '2022-08-01 14:19:59', 'admin', 0);
INSERT INTO `sys_log` VALUES (309080515749609472, 'SYS', '系统日志', '分页查询', 2, 292798030246051840, 1, '0:0:0:0:0:0:0:1', 'top.zsmile.modules.sys.controller.SysLogController.list', NULL, 'GET', '{\"id\":[\"\"],\"logModule\":[\"\"],\"logTitle\":[\"\"],\"logValue\":[\"\"],\"logType\":[\"\"],\"userId\":[\"\"],\"operateType\":[\"2\"],\"ipAddress\":[\"\"],\"method\":[\"\"],\"requestUrl\":[\"\"],\"requestType\":[\"\"],\"requestParams\":[\"\"],\"costTime\":[\"\"],\"errMsg\":[\"\"],\"size\":[\"10\"],\"page\":[\"1\"]}', 7, NULL, '2022-08-01 14:20:06', 'admin', '2022-08-01 14:20:06', 'admin', 0);
INSERT INTO `sys_log` VALUES (309080525245513728, 'SYS', '系统日志', '分页查询', 2, 292798030246051840, 1, '0:0:0:0:0:0:0:1', 'top.zsmile.modules.sys.controller.SysLogController.list', NULL, 'GET', '{\"id\":[\"\"],\"logModule\":[\"\"],\"logTitle\":[\"\"],\"logValue\":[\"\"],\"logType\":[\"\"],\"userId\":[\"\"],\"operateType\":[\"3\"],\"ipAddress\":[\"\"],\"method\":[\"\"],\"requestUrl\":[\"\"],\"requestType\":[\"\"],\"requestParams\":[\"\"],\"costTime\":[\"\"],\"errMsg\":[\"\"],\"size\":[\"10\"],\"page\":[\"1\"]}', 6, NULL, '2022-08-01 14:20:09', 'admin', '2022-08-01 14:20:09', 'admin', 0);
INSERT INTO `sys_log` VALUES (309081135218950144, 'SYS', '系统日志', '分页查询', 2, 292798030246051840, 1, '0:0:0:0:0:0:0:1', 'top.zsmile.modules.sys.controller.SysLogController.list', NULL, 'GET', '{\"id\":[\"\"],\"logModule\":[\"\"],\"logTitle\":[\"\"],\"logValue\":[\"\"],\"logType\":[\"\"],\"userId\":[\"\"],\"operateType\":[\"\"],\"ipAddress\":[\"\"],\"method\":[\"\"],\"requestUrl\":[\"\"],\"requestType\":[\"\"],\"requestParams\":[\"\"],\"costTime\":[\"\"],\"errMsg\":[\"\"],\"size\":[\"10\"],\"page\":[\"1\"]}', 9, NULL, '2022-08-01 14:22:34', 'admin', '2022-08-01 14:22:34', 'admin', 0);
INSERT INTO `sys_log` VALUES (309081144186372096, 'SYS', '系统日志', '分页查询', 2, 292798030246051840, 1, '0:0:0:0:0:0:0:1', 'top.zsmile.modules.sys.controller.SysLogController.list', NULL, 'GET', '{\"id\":[\"\"],\"logModule\":[\"\"],\"logTitle\":[\"\"],\"logValue\":[\"\"],\"logType\":[\"\"],\"userId\":[\"\"],\"operateType\":[\"3\"],\"ipAddress\":[\"\"],\"method\":[\"\"],\"requestUrl\":[\"\"],\"requestType\":[\"\"],\"requestParams\":[\"\"],\"costTime\":[\"\"],\"errMsg\":[\"\"],\"size\":[\"10\"],\"page\":[\"1\"]}', 5, NULL, '2022-08-01 14:22:36', 'admin', '2022-08-01 14:22:36', 'admin', 0);
INSERT INTO `sys_log` VALUES (309081222036848640, 'SYS', '系统日志', '分页查询', 2, 292798030246051840, 1, '0:0:0:0:0:0:0:1', 'top.zsmile.modules.sys.controller.SysLogController.list', NULL, 'GET', '{\"id\":[\"\"],\"logModule\":[\"\"],\"logTitle\":[\"\"],\"logValue\":[\"\"],\"logType\":[\"\"],\"userId\":[\"\"],\"operateType\":[\"\"],\"ipAddress\":[\"\"],\"method\":[\"\"],\"requestUrl\":[\"\"],\"requestType\":[\"\"],\"requestParams\":[\"\"],\"costTime\":[\"\"],\"errMsg\":[\"\"],\"size\":[\"10\"],\"page\":[\"1\"]}', 8, NULL, '2022-08-01 14:22:55', 'admin', '2022-08-01 14:22:55', 'admin', 0);
INSERT INTO `sys_log` VALUES (309081258313383936, 'SYS', '系统日志', '分页查询', 2, 292798030246051840, 1, '0:0:0:0:0:0:0:1', 'top.zsmile.modules.sys.controller.SysLogController.list', NULL, 'GET', '{\"id\":[\"\"],\"logModule\":[\"\"],\"logTitle\":[\"\"],\"logValue\":[\"\"],\"logType\":[\"\"],\"userId\":[\"\"],\"operateType\":[\"3\"],\"ipAddress\":[\"\"],\"method\":[\"\"],\"requestUrl\":[\"\"],\"requestType\":[\"\"],\"requestParams\":[\"\"],\"costTime\":[\"\"],\"errMsg\":[\"\"],\"size\":[\"10\"],\"page\":[\"1\"]}', 7, NULL, '2022-08-01 14:23:03', 'admin', '2022-08-01 14:23:03', 'admin', 0);
INSERT INTO `sys_log` VALUES (309081272259444736, 'SYS', '系统日志', '分页查询', 2, 292798030246051840, 1, '0:0:0:0:0:0:0:1', 'top.zsmile.modules.sys.controller.SysLogController.list', NULL, 'GET', '{\"id\":[\"\"],\"logModule\":[\"\"],\"logTitle\":[\"\"],\"logValue\":[\"\"],\"logType\":[\"\"],\"userId\":[\"\"],\"operateType\":[\"\"],\"ipAddress\":[\"\"],\"method\":[\"\"],\"requestUrl\":[\"\"],\"requestType\":[\"\"],\"requestParams\":[\"\"],\"costTime\":[\"\"],\"errMsg\":[\"\"],\"size\":[\"10\"],\"page\":[\"1\"]}', 9, NULL, '2022-08-01 14:23:07', 'admin', '2022-08-01 14:23:07', 'admin', 0);
INSERT INTO `sys_log` VALUES (309081296359915520, 'SYS', '系统日志', '分页查询', 2, 292798030246051840, 1, '0:0:0:0:0:0:0:1', 'top.zsmile.modules.sys.controller.SysLogController.list', NULL, 'GET', '{\"id\":[\"\"],\"logModule\":[\"\"],\"logTitle\":[\"\"],\"logValue\":[\"\"],\"logType\":[\"\"],\"userId\":[\"\"],\"operateType\":[\"\"],\"ipAddress\":[\"\"],\"method\":[\"\"],\"requestUrl\":[\"\"],\"requestType\":[\"\"],\"requestParams\":[\"\"],\"costTime\":[\"\"],\"errMsg\":[\"\"],\"size\":[\"10\"],\"page\":[\"1\"]}', 7, NULL, '2022-08-01 14:23:12', 'admin', '2022-08-01 14:23:12', 'admin', 0);
INSERT INTO `sys_log` VALUES (309081301728624640, 'SYS', '系统日志', '分页查询', 2, 292798030246051840, 1, '0:0:0:0:0:0:0:1', 'top.zsmile.modules.sys.controller.SysLogController.list', NULL, 'GET', '{\"id\":[\"\"],\"logModule\":[\"\"],\"logTitle\":[\"\"],\"logValue\":[\"\"],\"logType\":[\"\"],\"userId\":[\"\"],\"operateType\":[\"\"],\"ipAddress\":[\"\"],\"method\":[\"\"],\"requestUrl\":[\"\"],\"requestType\":[\"\"],\"requestParams\":[\"\"],\"costTime\":[\"\"],\"errMsg\":[\"\"],\"size\":[\"10\"],\"page\":[\"1\"]}', 7, NULL, '2022-08-01 14:23:14', 'admin', '2022-08-01 14:23:14', 'admin', 0);
INSERT INTO `sys_log` VALUES (309081302471016448, 'SYS', '系统日志', '分页查询', 2, 292798030246051840, 1, '0:0:0:0:0:0:0:1', 'top.zsmile.modules.sys.controller.SysLogController.list', NULL, 'GET', '{\"id\":[\"\"],\"logModule\":[\"\"],\"logTitle\":[\"\"],\"logValue\":[\"\"],\"logType\":[\"\"],\"userId\":[\"\"],\"operateType\":[\"\"],\"ipAddress\":[\"\"],\"method\":[\"\"],\"requestUrl\":[\"\"],\"requestType\":[\"\"],\"requestParams\":[\"\"],\"costTime\":[\"\"],\"errMsg\":[\"\"],\"size\":[\"10\"],\"page\":[\"1\"]}', 6, NULL, '2022-08-01 14:23:14', 'admin', '2022-08-01 14:23:14', 'admin', 0);
INSERT INTO `sys_log` VALUES (309081314345091072, 'SYS', '系统日志', '分页查询', 2, 292798030246051840, 1, '0:0:0:0:0:0:0:1', 'top.zsmile.modules.sys.controller.SysLogController.list', NULL, 'GET', '{\"id\":[\"\"],\"logModule\":[\"\"],\"logTitle\":[\"\"],\"logValue\":[\"\"],\"logType\":[\"\"],\"userId\":[\"\"],\"operateType\":[\"1\"],\"ipAddress\":[\"\"],\"method\":[\"\"],\"requestUrl\":[\"\"],\"requestType\":[\"\"],\"requestParams\":[\"\"],\"costTime\":[\"\"],\"errMsg\":[\"\"],\"size\":[\"10\"],\"page\":[\"1\"]}', 6, NULL, '2022-08-01 14:23:17', 'admin', '2022-08-01 14:23:17', 'admin', 0);
INSERT INTO `sys_log` VALUES (309081327271936000, 'SYS', '系统日志', '分页查询', 2, 292798030246051840, 1, '0:0:0:0:0:0:0:1', 'top.zsmile.modules.sys.controller.SysLogController.list', NULL, 'GET', '{\"id\":[\"\"],\"logModule\":[\"\"],\"logTitle\":[\"\"],\"logValue\":[\"\"],\"logType\":[\"\"],\"userId\":[\"\"],\"operateType\":[\"3\"],\"ipAddress\":[\"\"],\"method\":[\"\"],\"requestUrl\":[\"\"],\"requestType\":[\"\"],\"requestParams\":[\"\"],\"costTime\":[\"\"],\"errMsg\":[\"\"],\"size\":[\"10\"],\"page\":[\"1\"]}', 8, NULL, '2022-08-01 14:23:20', 'admin', '2022-08-01 14:23:20', 'admin', 0);
INSERT INTO `sys_log` VALUES (309081370074808320, 'SYS', '系统日志', '分页查询', 2, 292798030246051840, 1, '0:0:0:0:0:0:0:1', 'top.zsmile.modules.sys.controller.SysLogController.list', NULL, 'GET', '{\"id\":[\"\"],\"logModule\":[\"\"],\"logTitle\":[\"\"],\"logValue\":[\"\"],\"logType\":[\"\"],\"userId\":[\"\"],\"operateType\":[\"4\"],\"ipAddress\":[\"\"],\"method\":[\"\"],\"requestUrl\":[\"\"],\"requestType\":[\"\"],\"requestParams\":[\"\"],\"costTime\":[\"\"],\"errMsg\":[\"\"],\"size\":[\"10\"],\"page\":[\"1\"]}', 6, NULL, '2022-08-01 14:23:30', 'admin', '2022-08-01 14:23:30', 'admin', 0);
INSERT INTO `sys_log` VALUES (309081389909671936, 'SYS', '系统日志', '分页查询', 2, 292798030246051840, 1, '0:0:0:0:0:0:0:1', 'top.zsmile.modules.sys.controller.SysLogController.list', NULL, 'GET', '{\"id\":[\"\"],\"logModule\":[\"\"],\"logTitle\":[\"\"],\"logValue\":[\"\"],\"logType\":[\"\"],\"userId\":[\"\"],\"operateType\":[\"3\"],\"ipAddress\":[\"\"],\"method\":[\"\"],\"requestUrl\":[\"\"],\"requestType\":[\"\"],\"requestParams\":[\"\"],\"costTime\":[\"\"],\"errMsg\":[\"\"],\"size\":[\"10\"],\"page\":[\"1\"]}', 7, NULL, '2022-08-01 14:23:35', 'admin', '2022-08-01 14:23:35', 'admin', 0);
INSERT INTO `sys_log` VALUES (309082347859345408, 'SYS', '系统日志', '分页查询', 2, 292798030246051840, 1, '0:0:0:0:0:0:0:1', 'top.zsmile.modules.sys.controller.SysLogController.list', NULL, 'GET', '{\"id\":[\"\"],\"logModule\":[\"\"],\"logTitle\":[\"\"],\"logValue\":[\"\"],\"logType\":[\"\"],\"userId\":[\"\"],\"operateType\":[\"\"],\"ipAddress\":[\"\"],\"method\":[\"\"],\"requestUrl\":[\"\"],\"requestType\":[\"\"],\"requestParams\":[\"\"],\"costTime\":[\"\"],\"errMsg\":[\"\"],\"size\":[\"10\"],\"page\":[\"1\"]}', 9, NULL, '2022-08-01 14:27:23', 'admin', '2022-08-01 14:27:23', 'admin', 0);
INSERT INTO `sys_log` VALUES (309082489182224384, 'SYS', '系统日志', '分页查询', 2, 292798030246051840, 1, '0:0:0:0:0:0:0:1', 'top.zsmile.modules.sys.controller.SysLogController.list', NULL, 'GET', '{\"id\":[\"\"],\"logModule\":[\"\"],\"logTitle\":[\"\"],\"logValue\":[\"\"],\"logType\":[\"\"],\"userId\":[\"\"],\"operateType\":[\"\"],\"ipAddress\":[\"\"],\"method\":[\"\"],\"requestUrl\":[\"\"],\"requestType\":[\"\"],\"requestParams\":[\"\"],\"costTime\":[\"\"],\"errMsg\":[\"\"],\"size\":[\"10\"],\"page\":[\"1\"]}', 9, NULL, '2022-08-01 14:27:57', 'admin', '2022-08-01 14:27:57', 'admin', 0);
INSERT INTO `sys_log` VALUES (309082578059526144, 'SYS', '系统日志', '分页查询', 2, 292798030246051840, 1, '0:0:0:0:0:0:0:1', 'top.zsmile.modules.sys.controller.SysLogController.list', NULL, 'GET', '{\"id\":[\"\"],\"logModule\":[\"\"],\"logTitle\":[\"\"],\"logValue\":[\"\"],\"logType\":[\"\"],\"userId\":[\"\"],\"operateType\":[\"\"],\"ipAddress\":[\"\"],\"method\":[\"\"],\"requestUrl\":[\"\"],\"requestType\":[\"\"],\"requestParams\":[\"\"],\"costTime\":[\"\"],\"errMsg\":[\"\"],\"size\":[\"10\"],\"page\":[\"1\"]}', 9, NULL, '2022-08-01 14:28:18', 'admin', '2022-08-01 14:28:18', 'admin', 0);
INSERT INTO `sys_log` VALUES (309082656216186880, 'SYS', '系统日志', '分页查询', 2, 292798030246051840, 1, '0:0:0:0:0:0:0:1', 'top.zsmile.modules.sys.controller.SysLogController.list', NULL, 'GET', '{\"id\":[\"\"],\"logModule\":[\"\"],\"logTitle\":[\"\"],\"logValue\":[\"\"],\"logType\":[\"\"],\"userId\":[\"\"],\"operateType\":[\"\"],\"ipAddress\":[\"\"],\"method\":[\"\"],\"requestUrl\":[\"\"],\"requestType\":[\"\"],\"requestParams\":[\"\"],\"costTime\":[\"\"],\"errMsg\":[\"\"],\"size\":[\"10\"],\"page\":[\"1\"]}', 9, NULL, '2022-08-01 14:28:37', 'admin', '2022-08-01 14:28:37', 'admin', 0);
INSERT INTO `sys_log` VALUES (309082677661663232, 'SYS', '系统日志', '分页查询', 2, 292798030246051840, 1, '0:0:0:0:0:0:0:1', 'top.zsmile.modules.sys.controller.SysLogController.list', NULL, 'GET', '{\"id\":[\"\"],\"logModule\":[\"\"],\"logTitle\":[\"\"],\"logValue\":[\"\"],\"logType\":[\"\"],\"userId\":[\"\"],\"operateType\":[\"3\"],\"ipAddress\":[\"\"],\"method\":[\"\"],\"requestUrl\":[\"\"],\"requestType\":[\"\"],\"requestParams\":[\"\"],\"costTime\":[\"\"],\"errMsg\":[\"\"],\"size\":[\"10\"],\"page\":[\"1\"]}', 6, NULL, '2022-08-01 14:28:42', 'admin', '2022-08-01 14:28:42', 'admin', 0);
INSERT INTO `sys_log` VALUES (309082837720498176, 'SYS', '系统日志', '分页查询', 2, 292798030246051840, 1, '0:0:0:0:0:0:0:1', 'top.zsmile.modules.sys.controller.SysLogController.list', NULL, 'GET', '{\"id\":[\"\"],\"logModule\":[\"\"],\"logTitle\":[\"\"],\"logValue\":[\"\"],\"logType\":[\"\"],\"userId\":[\"\"],\"operateType\":[\"\"],\"ipAddress\":[\"\"],\"method\":[\"\"],\"requestUrl\":[\"\"],\"requestType\":[\"\"],\"requestParams\":[\"\"],\"costTime\":[\"\"],\"errMsg\":[\"\"],\"size\":[\"10\"],\"page\":[\"1\"]}', 9, NULL, '2022-08-01 14:29:20', 'admin', '2022-08-01 14:29:20', 'admin', 0);
INSERT INTO `sys_log` VALUES (309083110840991744, 'SYS', '系统日志', '分页查询', 2, 292798030246051840, 1, '0:0:0:0:0:0:0:1', 'top.zsmile.modules.sys.controller.SysLogController.list', NULL, 'GET', '{\"id\":[\"\"],\"logModule\":[\"\"],\"logTitle\":[\"\"],\"logValue\":[\"\"],\"logType\":[\"\"],\"userId\":[\"\"],\"operateType\":[\"3\"],\"ipAddress\":[\"\"],\"method\":[\"\"],\"requestUrl\":[\"\"],\"requestType\":[\"\"],\"requestParams\":[\"\"],\"costTime\":[\"\"],\"errMsg\":[\"\"],\"size\":[\"10\"],\"page\":[\"1\"]}', 8, NULL, '2022-08-01 14:30:25', 'admin', '2022-08-01 14:30:25', 'admin', 0);
INSERT INTO `sys_log` VALUES (309083314369593344, 'SYS', '系统日志', '分页查询', 2, 292798030246051840, 1, '0:0:0:0:0:0:0:1', 'top.zsmile.modules.sys.controller.SysLogController.list', NULL, 'GET', '{\"id\":[\"\"],\"logModule\":[\"\"],\"logTitle\":[\"\"],\"logValue\":[\"\"],\"logType\":[\"\"],\"userId\":[\"\"],\"operateType\":[\"\"],\"ipAddress\":[\"\"],\"method\":[\"\"],\"requestUrl\":[\"\"],\"requestType\":[\"\"],\"requestParams\":[\"\"],\"costTime\":[\"\"],\"errMsg\":[\"\"],\"size\":[\"10\"],\"page\":[\"1\"]}', 8, NULL, '2022-08-01 14:31:14', 'admin', '2022-08-01 14:31:14', 'admin', 0);
INSERT INTO `sys_log` VALUES (309083350285418496, 'SYS', '系统日志', '分页查询', 2, 292798030246051840, 1, '0:0:0:0:0:0:0:1', 'top.zsmile.modules.sys.controller.SysLogController.list', NULL, 'GET', '{\"id\":[\"\"],\"logModule\":[\"\"],\"logTitle\":[\"\"],\"logValue\":[\"\"],\"logType\":[\"\"],\"userId\":[\"\"],\"operateType\":[\"\"],\"ipAddress\":[\"\"],\"method\":[\"\"],\"requestUrl\":[\"\"],\"requestType\":[\"\"],\"requestParams\":[\"\"],\"costTime\":[\"\"],\"errMsg\":[\"\"],\"size\":[\"10\"],\"page\":[\"1\"]}', 8, NULL, '2022-08-01 14:31:22', 'admin', '2022-08-01 14:31:22', 'admin', 0);
INSERT INTO `sys_log` VALUES (309083369482747904, 'SYS', '系统日志', '分页查询', 2, 292798030246051840, 1, '0:0:0:0:0:0:0:1', 'top.zsmile.modules.sys.controller.SysLogController.list', NULL, 'GET', '{\"id\":[\"\"],\"logModule\":[\"\"],\"logTitle\":[\"\"],\"logValue\":[\"\"],\"logType\":[\"\"],\"userId\":[\"\"],\"operateType\":[\"3\"],\"ipAddress\":[\"\"],\"method\":[\"\"],\"requestUrl\":[\"\"],\"requestType\":[\"\"],\"requestParams\":[\"\"],\"costTime\":[\"\"],\"errMsg\":[\"\"],\"size\":[\"10\"],\"page\":[\"1\"]}', 6, NULL, '2022-08-01 14:31:27', 'admin', '2022-08-01 14:31:27', 'admin', 0);
INSERT INTO `sys_log` VALUES (309083433504604160, 'SYS', '系统日志', '分页查询', 2, 292798030246051840, 1, '0:0:0:0:0:0:0:1', 'top.zsmile.modules.sys.controller.SysLogController.list', NULL, 'GET', '{\"id\":[\"\"],\"logModule\":[\"\"],\"logTitle\":[\"\"],\"logValue\":[\"\"],\"logType\":[\"\"],\"userId\":[\"\"],\"operateType\":[\"1\"],\"ipAddress\":[\"\"],\"method\":[\"\"],\"requestUrl\":[\"\"],\"requestType\":[\"\"],\"requestParams\":[\"\"],\"costTime\":[\"\"],\"errMsg\":[\"\"],\"size\":[\"10\"],\"page\":[\"1\"]}', 6, NULL, '2022-08-01 14:31:42', 'admin', '2022-08-01 14:31:42', 'admin', 0);
INSERT INTO `sys_log` VALUES (309083446074933248, 'SYS', '系统日志', '分页查询', 2, 292798030246051840, 1, '0:0:0:0:0:0:0:1', 'top.zsmile.modules.sys.controller.SysLogController.list', NULL, 'GET', '{\"id\":[\"\"],\"logModule\":[\"\"],\"logTitle\":[\"\"],\"logValue\":[\"\"],\"logType\":[\"\"],\"userId\":[\"\"],\"operateType\":[\"\"],\"ipAddress\":[\"\"],\"method\":[\"\"],\"requestUrl\":[\"\"],\"requestType\":[\"\"],\"requestParams\":[\"\"],\"costTime\":[\"\"],\"errMsg\":[\"\"],\"size\":[\"10\"],\"page\":[\"1\"]}', 9, NULL, '2022-08-01 14:31:45', 'admin', '2022-08-01 14:31:45', 'admin', 0);
INSERT INTO `sys_log` VALUES (309083452995534848, 'SYS', '系统日志', '分页查询', 2, 292798030246051840, 1, '0:0:0:0:0:0:0:1', 'top.zsmile.modules.sys.controller.SysLogController.list', NULL, 'GET', '{\"id\":[\"\"],\"logModule\":[\"\"],\"logTitle\":[\"\"],\"logValue\":[\"\"],\"logType\":[\"\"],\"userId\":[\"\"],\"operateType\":[\"\"],\"ipAddress\":[\"\"],\"method\":[\"\"],\"requestUrl\":[\"\"],\"requestType\":[\"\"],\"requestParams\":[\"\"],\"costTime\":[\"\"],\"errMsg\":[\"\"],\"size\":[\"10\"],\"page\":[\"1\"]}', 9, NULL, '2022-08-01 14:31:47', 'admin', '2022-08-01 14:31:47', 'admin', 0);
INSERT INTO `sys_log` VALUES (309083463036698624, 'SYS', '系统日志', '分页查询', 2, 292798030246051840, 1, '0:0:0:0:0:0:0:1', 'top.zsmile.modules.sys.controller.SysLogController.list', NULL, 'GET', '{\"id\":[\"\"],\"logModule\":[\"\"],\"logTitle\":[\"\"],\"logValue\":[\"\"],\"logType\":[\"\"],\"userId\":[\"\"],\"operateType\":[\"3\"],\"ipAddress\":[\"\"],\"method\":[\"\"],\"requestUrl\":[\"\"],\"requestType\":[\"\"],\"requestParams\":[\"\"],\"costTime\":[\"\"],\"errMsg\":[\"\"],\"size\":[\"10\"],\"page\":[\"1\"]}', 7, NULL, '2022-08-01 14:31:49', 'admin', '2022-08-01 14:31:49', 'admin', 0);
INSERT INTO `sys_log` VALUES (309083662190641152, 'SYS', '系统日志', '分页查询', 2, 292798030246051840, 1, '0:0:0:0:0:0:0:1', 'top.zsmile.modules.sys.controller.SysLogController.list', NULL, 'GET', '{\"id\":[\"\"],\"logModule\":[\"\"],\"logTitle\":[\"\"],\"logValue\":[\"\"],\"logType\":[\"\"],\"userId\":[\"\"],\"operateType\":[\"3\"],\"ipAddress\":[\"\"],\"method\":[\"\"],\"requestUrl\":[\"\"],\"requestType\":[\"\"],\"requestParams\":[\"\"],\"costTime\":[\"\"],\"errMsg\":[\"\"],\"size\":[\"10\"],\"page\":[\"1\"]}', 7, NULL, '2022-08-01 14:32:36', 'admin', '2022-08-01 14:32:36', 'admin', 0);
INSERT INTO `sys_log` VALUES (309083665399283712, 'SYS', '系统日志', '分页查询', 2, 292798030246051840, 1, '0:0:0:0:0:0:0:1', 'top.zsmile.modules.sys.controller.SysLogController.list', NULL, 'GET', '{\"id\":[\"\"],\"logModule\":[\"\"],\"logTitle\":[\"\"],\"logValue\":[\"\"],\"logType\":[\"\"],\"userId\":[\"\"],\"operateType\":[\"3\"],\"ipAddress\":[\"\"],\"method\":[\"\"],\"requestUrl\":[\"\"],\"requestType\":[\"\"],\"requestParams\":[\"\"],\"costTime\":[\"\"],\"errMsg\":[\"\"],\"size\":[\"10\"],\"page\":[\"1\"]}', 6, NULL, '2022-08-01 14:32:37', 'admin', '2022-08-01 14:32:37', 'admin', 0);
INSERT INTO `sys_log` VALUES (309083667685179392, 'SYS', '系统日志', '分页查询', 2, 292798030246051840, 1, '0:0:0:0:0:0:0:1', 'top.zsmile.modules.sys.controller.SysLogController.list', NULL, 'GET', '{\"id\":[\"\"],\"logModule\":[\"\"],\"logTitle\":[\"\"],\"logValue\":[\"\"],\"logType\":[\"\"],\"userId\":[\"\"],\"operateType\":[\"\"],\"ipAddress\":[\"\"],\"method\":[\"\"],\"requestUrl\":[\"\"],\"requestType\":[\"\"],\"requestParams\":[\"\"],\"costTime\":[\"\"],\"errMsg\":[\"\"],\"size\":[\"10\"],\"page\":[\"1\"]}', 6, NULL, '2022-08-01 14:32:38', 'admin', '2022-08-01 14:32:38', 'admin', 0);
INSERT INTO `sys_log` VALUES (309083673695617024, 'SYS', '系统日志', '分页查询', 2, 292798030246051840, 1, '0:0:0:0:0:0:0:1', 'top.zsmile.modules.sys.controller.SysLogController.list', NULL, 'GET', '{\"id\":[\"\"],\"logModule\":[\"\"],\"logTitle\":[\"\"],\"logValue\":[\"\"],\"logType\":[\"\"],\"userId\":[\"\"],\"operateType\":[\"\"],\"ipAddress\":[\"\"],\"method\":[\"\"],\"requestUrl\":[\"\"],\"requestType\":[\"\"],\"requestParams\":[\"\"],\"costTime\":[\"\"],\"errMsg\":[\"\"],\"size\":[\"10\"],\"page\":[\"1\"]}', 7, NULL, '2022-08-01 14:32:39', 'admin', '2022-08-01 14:32:39', 'admin', 0);
INSERT INTO `sys_log` VALUES (309083687641677824, 'SYS', '系统日志', '分页查询', 2, 292798030246051840, 1, '0:0:0:0:0:0:0:1', 'top.zsmile.modules.sys.controller.SysLogController.list', NULL, 'GET', '{\"id\":[\"\"],\"logModule\":[\"\"],\"logTitle\":[\"\"],\"logValue\":[\"\"],\"logType\":[\"\"],\"userId\":[\"\"],\"operateType\":[\"\"],\"ipAddress\":[\"\"],\"method\":[\"\"],\"requestUrl\":[\"\"],\"requestType\":[\"\"],\"requestParams\":[\"\"],\"costTime\":[\"\"],\"errMsg\":[\"\"],\"size\":[\"10\"],\"page\":[\"1\"]}', 6, NULL, '2022-08-01 14:32:43', 'admin', '2022-08-01 14:32:43', 'admin', 0);
INSERT INTO `sys_log` VALUES (309083698857246720, 'SYS', '系统日志', '分页查询', 2, 292798030246051840, 1, '0:0:0:0:0:0:0:1', 'top.zsmile.modules.sys.controller.SysLogController.list', NULL, 'GET', '{\"id\":[\"\"],\"logModule\":[\"\"],\"logTitle\":[\"\"],\"logValue\":[\"\"],\"logType\":[\"\"],\"userId\":[\"\"],\"operateType\":[\"1\"],\"ipAddress\":[\"\"],\"method\":[\"\"],\"requestUrl\":[\"\"],\"requestType\":[\"\"],\"requestParams\":[\"\"],\"costTime\":[\"\"],\"errMsg\":[\"\"],\"size\":[\"10\"],\"page\":[\"1\"]}', 6, NULL, '2022-08-01 14:32:45', 'admin', '2022-08-01 14:32:45', 'admin', 0);
INSERT INTO `sys_log` VALUES (309083714665578496, 'SYS', '系统日志', '分页查询', 2, 292798030246051840, 1, '0:0:0:0:0:0:0:1', 'top.zsmile.modules.sys.controller.SysLogController.list', NULL, 'GET', '{\"id\":[\"\"],\"logModule\":[\"\"],\"logTitle\":[\"\"],\"logValue\":[\"\"],\"logType\":[\"\"],\"userId\":[\"\"],\"operateType\":[\"3\"],\"ipAddress\":[\"\"],\"method\":[\"\"],\"requestUrl\":[\"\"],\"requestType\":[\"\"],\"requestParams\":[\"\"],\"costTime\":[\"\"],\"errMsg\":[\"\"],\"size\":[\"10\"],\"page\":[\"1\"]}', 7, NULL, '2022-08-01 14:32:49', 'admin', '2022-08-01 14:32:49', 'admin', 0);
INSERT INTO `sys_log` VALUES (309083750933725184, 'SYS', '系统日志', '分页查询', 2, 292798030246051840, 1, '0:0:0:0:0:0:0:1', 'top.zsmile.modules.sys.controller.SysLogController.list', NULL, 'GET', '{\"id\":[\"\"],\"logModule\":[\"\"],\"logTitle\":[\"\"],\"logValue\":[\"\"],\"logType\":[\"\"],\"userId\":[\"\"],\"operateType\":[\"\"],\"ipAddress\":[\"\"],\"method\":[\"\"],\"requestUrl\":[\"\"],\"requestType\":[\"\"],\"requestParams\":[\"\"],\"costTime\":[\"\"],\"errMsg\":[\"\"],\"size\":[\"10\"],\"page\":[\"1\"]}', 15, NULL, '2022-08-01 14:32:58', 'admin', '2022-08-01 14:32:58', 'admin', 0);
INSERT INTO `sys_log` VALUES (309083766867886080, 'SYS', '系统日志', '分页查询', 2, 292798030246051840, 1, '0:0:0:0:0:0:0:1', 'top.zsmile.modules.sys.controller.SysLogController.list', NULL, 'GET', '{\"id\":[\"\"],\"logModule\":[\"\"],\"logTitle\":[\"\"],\"logValue\":[\"\"],\"logType\":[\"\"],\"userId\":[\"\"],\"operateType\":[\"\"],\"ipAddress\":[\"\"],\"method\":[\"\"],\"requestUrl\":[\"\"],\"requestType\":[\"\"],\"requestParams\":[\"\"],\"costTime\":[\"\"],\"errMsg\":[\"\"],\"size\":[\"10\"],\"page\":[\"1\"]}', 6, NULL, '2022-08-01 14:33:01', 'admin', '2022-08-01 14:33:01', 'admin', 0);
INSERT INTO `sys_log` VALUES (309083769543852032, 'SYS', '系统日志', '分页查询', 2, 292798030246051840, 1, '0:0:0:0:0:0:0:1', 'top.zsmile.modules.sys.controller.SysLogController.list', NULL, 'GET', '{\"id\":[\"\"],\"logModule\":[\"\"],\"logTitle\":[\"\"],\"logValue\":[\"\"],\"logType\":[\"\"],\"userId\":[\"\"],\"operateType\":[\"\"],\"ipAddress\":[\"\"],\"method\":[\"\"],\"requestUrl\":[\"\"],\"requestType\":[\"\"],\"requestParams\":[\"\"],\"costTime\":[\"\"],\"errMsg\":[\"\"],\"size\":[\"10\"],\"page\":[\"1\"]}', 5, NULL, '2022-08-01 14:33:02', 'admin', '2022-08-01 14:33:02', 'admin', 0);
INSERT INTO `sys_log` VALUES (309083781627641856, 'SYS', '系统日志', '分页查询', 2, 292798030246051840, 1, '0:0:0:0:0:0:0:1', 'top.zsmile.modules.sys.controller.SysLogController.list', NULL, 'GET', '{\"id\":[\"\"],\"logModule\":[\"\"],\"logTitle\":[\"\"],\"logValue\":[\"\"],\"logType\":[\"\"],\"userId\":[\"\"],\"operateType\":[\"1\"],\"ipAddress\":[\"\"],\"method\":[\"\"],\"requestUrl\":[\"\"],\"requestType\":[\"\"],\"requestParams\":[\"\"],\"costTime\":[\"\"],\"errMsg\":[\"\"],\"size\":[\"10\"],\"page\":[\"1\"]}', 6, NULL, '2022-08-01 14:33:05', 'admin', '2022-08-01 14:33:05', 'admin', 0);
INSERT INTO `sys_log` VALUES (309083785792585728, 'SYS', '系统日志', '分页查询', 2, 292798030246051840, 1, '0:0:0:0:0:0:0:1', 'top.zsmile.modules.sys.controller.SysLogController.list', NULL, 'GET', '{\"id\":[\"\"],\"logModule\":[\"\"],\"logTitle\":[\"\"],\"logValue\":[\"\"],\"logType\":[\"\"],\"userId\":[\"\"],\"operateType\":[\"\"],\"ipAddress\":[\"\"],\"method\":[\"\"],\"requestUrl\":[\"\"],\"requestType\":[\"\"],\"requestParams\":[\"\"],\"costTime\":[\"\"],\"errMsg\":[\"\"],\"size\":[\"10\"],\"page\":[\"1\"]}', 6, NULL, '2022-08-01 14:33:06', 'admin', '2022-08-01 14:33:06', 'admin', 0);
INSERT INTO `sys_log` VALUES (309084009017638912, 'SYS', '系统日志', '分页查询', 2, 292798030246051840, 1, '0:0:0:0:0:0:0:1', 'top.zsmile.modules.sys.controller.SysLogController.list', NULL, 'GET', '{\"id\":[\"\"],\"logModule\":[\"\"],\"logTitle\":[\"\"],\"logValue\":[\"\"],\"logType\":[\"\"],\"userId\":[\"\"],\"operateType\":[\"\"],\"ipAddress\":[\"\"],\"method\":[\"\"],\"requestUrl\":[\"\"],\"requestType\":[\"\"],\"requestParams\":[\"\"],\"costTime\":[\"\"],\"errMsg\":[\"\"],\"size\":[\"10\"],\"page\":[\"1\"]}', 7, NULL, '2022-08-01 14:33:59', 'admin', '2022-08-01 14:33:59', 'admin', 0);
INSERT INTO `sys_log` VALUES (309084021218869248, 'SYS', '系统日志', '分页查询', 2, 292798030246051840, 1, '0:0:0:0:0:0:0:1', 'top.zsmile.modules.sys.controller.SysLogController.list', NULL, 'GET', '{\"id\":[\"\"],\"logModule\":[\"\"],\"logTitle\":[\"\"],\"logValue\":[\"\"],\"logType\":[\"\"],\"userId\":[\"\"],\"operateType\":[\"3\"],\"ipAddress\":[\"\"],\"method\":[\"\"],\"requestUrl\":[\"\"],\"requestType\":[\"\"],\"requestParams\":[\"\"],\"costTime\":[\"\"],\"errMsg\":[\"\"],\"size\":[\"10\"],\"page\":[\"1\"]}', 8, NULL, '2022-08-01 14:34:02', 'admin', '2022-08-01 14:34:02', 'admin', 0);
INSERT INTO `sys_log` VALUES (309084188865200128, 'SYS', '系统日志', '分页查询', 2, 292798030246051840, 1, '0:0:0:0:0:0:0:1', 'top.zsmile.modules.sys.controller.SysLogController.list', NULL, 'GET', '{\"__v_isShallow\":[\"false\"],\"__v_isRef\":[\"true\"],\"_rawValue\":[\"{\\\"id\\\":\\\"\\\",\\\"logModule\\\":\\\"\\\",\\\"logTitle\\\":\\\"\\\",\\\"logValue\\\":\\\"\\\",\\\"logType\\\":\\\"\\\",\\\"userId\\\":\\\"\\\",\\\"operateType\\\":\\\"\\\",\\\"ipAddress\\\":\\\"\\\",\\\"method\\\":\\\"\\\",\\\"requestUrl\\\":\\\"\\\",\\\"requestType\\\":\\\"\\\",\\\"requestParams\\\":\\\"\\\",\\\"costTime\\\":\\\"\\\",\\\"errMsg\\\":\\\"\\\"}\"],\"_value\":[\"{\\\"id\\\":\\\"\\\",\\\"logModule\\\":\\\"\\\",\\\"logTitle\\\":\\\"\\\",\\\"logValue\\\":\\\"\\\",\\\"logType\\\":\\\"\\\",\\\"userId\\\":\\\"\\\",\\\"operateType\\\":\\\"\\\",\\\"ipAddress\\\":\\\"\\\",\\\"method\\\":\\\"\\\",\\\"requestUrl\\\":\\\"\\\",\\\"requestType\\\":\\\"\\\",\\\"requestParams\\\":\\\"\\\",\\\"costTime\\\":\\\"\\\",\\\"errMsg\\\":\\\"\\\"}\"],\"size\":[\"10\"],\"page\":[\"1\"]}', 8, NULL, '2022-08-01 14:34:42', 'admin', '2022-08-01 14:34:42', 'admin', 0);
INSERT INTO `sys_log` VALUES (309084215461281792, 'SYS', '系统日志', '分页查询', 2, 292798030246051840, 1, '0:0:0:0:0:0:0:1', 'top.zsmile.modules.sys.controller.SysLogController.list', NULL, 'GET', '{\"__v_isShallow\":[\"false\"],\"dep\":[\"{\\\"w\\\":0,\\\"n\\\":0}\"],\"__v_isRef\":[\"true\"],\"_rawValue\":[\"{\\\"id\\\":\\\"\\\",\\\"logModule\\\":\\\"\\\",\\\"logTitle\\\":\\\"\\\",\\\"logValue\\\":\\\"\\\",\\\"logType\\\":\\\"\\\",\\\"userId\\\":\\\"\\\",\\\"operateType\\\":\\\"3\\\",\\\"ipAddress\\\":\\\"\\\",\\\"method\\\":\\\"\\\",\\\"requestUrl\\\":\\\"\\\",\\\"requestType\\\":\\\"\\\",\\\"requestParams\\\":\\\"\\\",\\\"costTime\\\":\\\"\\\",\\\"errMsg\\\":\\\"\\\"}\"],\"_value\":[\"{\\\"id\\\":\\\"\\\",\\\"logModule\\\":\\\"\\\",\\\"logTitle\\\":\\\"\\\",\\\"logValue\\\":\\\"\\\",\\\"logType\\\":\\\"\\\",\\\"userId\\\":\\\"\\\",\\\"operateType\\\":\\\"3\\\",\\\"ipAddress\\\":\\\"\\\",\\\"method\\\":\\\"\\\",\\\"requestUrl\\\":\\\"\\\",\\\"requestType\\\":\\\"\\\",\\\"requestParams\\\":\\\"\\\",\\\"costTime\\\":\\\"\\\",\\\"errMsg\\\":\\\"\\\"}\"],\"size\":[\"10\"],\"page\":[\"1\"]}', 6, NULL, '2022-08-01 14:34:48', 'admin', '2022-08-01 14:34:48', 'admin', 0);
INSERT INTO `sys_log` VALUES (309084219961769984, 'SYS', '系统日志', '分页查询', 2, 292798030246051840, 1, '0:0:0:0:0:0:0:1', 'top.zsmile.modules.sys.controller.SysLogController.list', NULL, 'GET', '{\"__v_isShallow\":[\"false\"],\"dep\":[\"{\\\"w\\\":0,\\\"n\\\":0}\"],\"__v_isRef\":[\"true\"],\"_rawValue\":[\"{\\\"id\\\":\\\"\\\",\\\"logModule\\\":\\\"\\\",\\\"logTitle\\\":\\\"\\\",\\\"logValue\\\":\\\"\\\",\\\"logType\\\":\\\"\\\",\\\"userId\\\":\\\"\\\",\\\"operateType\\\":\\\"\\\",\\\"ipAddress\\\":\\\"\\\",\\\"method\\\":\\\"\\\",\\\"requestUrl\\\":\\\"\\\",\\\"requestType\\\":\\\"\\\",\\\"requestParams\\\":\\\"\\\",\\\"costTime\\\":\\\"\\\",\\\"errMsg\\\":\\\"\\\"}\"],\"_value\":[\"{\\\"id\\\":\\\"\\\",\\\"logModule\\\":\\\"\\\",\\\"logTitle\\\":\\\"\\\",\\\"logValue\\\":\\\"\\\",\\\"logType\\\":\\\"\\\",\\\"userId\\\":\\\"\\\",\\\"operateType\\\":\\\"\\\",\\\"ipAddress\\\":\\\"\\\",\\\"method\\\":\\\"\\\",\\\"requestUrl\\\":\\\"\\\",\\\"requestType\\\":\\\"\\\",\\\"requestParams\\\":\\\"\\\",\\\"costTime\\\":\\\"\\\",\\\"errMsg\\\":\\\"\\\"}\"],\"size\":[\"10\"],\"page\":[\"1\"]}', 6, NULL, '2022-08-01 14:34:49', 'admin', '2022-08-01 14:34:49', 'admin', 0);
INSERT INTO `sys_log` VALUES (309084221865984000, 'SYS', '系统日志', '分页查询', 2, 292798030246051840, 1, '0:0:0:0:0:0:0:1', 'top.zsmile.modules.sys.controller.SysLogController.list', NULL, 'GET', '{\"__v_isShallow\":[\"false\"],\"dep\":[\"{\\\"w\\\":0,\\\"n\\\":0}\"],\"__v_isRef\":[\"true\"],\"_rawValue\":[\"{\\\"id\\\":\\\"\\\",\\\"logModule\\\":\\\"\\\",\\\"logTitle\\\":\\\"\\\",\\\"logValue\\\":\\\"\\\",\\\"logType\\\":\\\"\\\",\\\"userId\\\":\\\"\\\",\\\"operateType\\\":\\\"\\\",\\\"ipAddress\\\":\\\"\\\",\\\"method\\\":\\\"\\\",\\\"requestUrl\\\":\\\"\\\",\\\"requestType\\\":\\\"\\\",\\\"requestParams\\\":\\\"\\\",\\\"costTime\\\":\\\"\\\",\\\"errMsg\\\":\\\"\\\"}\"],\"_value\":[\"{\\\"id\\\":\\\"\\\",\\\"logModule\\\":\\\"\\\",\\\"logTitle\\\":\\\"\\\",\\\"logValue\\\":\\\"\\\",\\\"logType\\\":\\\"\\\",\\\"userId\\\":\\\"\\\",\\\"operateType\\\":\\\"\\\",\\\"ipAddress\\\":\\\"\\\",\\\"method\\\":\\\"\\\",\\\"requestUrl\\\":\\\"\\\",\\\"requestType\\\":\\\"\\\",\\\"requestParams\\\":\\\"\\\",\\\"costTime\\\":\\\"\\\",\\\"errMsg\\\":\\\"\\\"}\"],\"size\":[\"10\"],\"page\":[\"1\"]}', 5, NULL, '2022-08-01 14:34:50', 'admin', '2022-08-01 14:34:50', 'admin', 0);
INSERT INTO `sys_log` VALUES (309084222599987200, 'SYS', '系统日志', '分页查询', 2, 292798030246051840, 1, '0:0:0:0:0:0:0:1', 'top.zsmile.modules.sys.controller.SysLogController.list', NULL, 'GET', '{\"__v_isShallow\":[\"false\"],\"dep\":[\"{\\\"w\\\":0,\\\"n\\\":0}\"],\"__v_isRef\":[\"true\"],\"_rawValue\":[\"{\\\"id\\\":\\\"\\\",\\\"logModule\\\":\\\"\\\",\\\"logTitle\\\":\\\"\\\",\\\"logValue\\\":\\\"\\\",\\\"logType\\\":\\\"\\\",\\\"userId\\\":\\\"\\\",\\\"operateType\\\":\\\"\\\",\\\"ipAddress\\\":\\\"\\\",\\\"method\\\":\\\"\\\",\\\"requestUrl\\\":\\\"\\\",\\\"requestType\\\":\\\"\\\",\\\"requestParams\\\":\\\"\\\",\\\"costTime\\\":\\\"\\\",\\\"errMsg\\\":\\\"\\\"}\"],\"_value\":[\"{\\\"id\\\":\\\"\\\",\\\"logModule\\\":\\\"\\\",\\\"logTitle\\\":\\\"\\\",\\\"logValue\\\":\\\"\\\",\\\"logType\\\":\\\"\\\",\\\"userId\\\":\\\"\\\",\\\"operateType\\\":\\\"\\\",\\\"ipAddress\\\":\\\"\\\",\\\"method\\\":\\\"\\\",\\\"requestUrl\\\":\\\"\\\",\\\"requestType\\\":\\\"\\\",\\\"requestParams\\\":\\\"\\\",\\\"costTime\\\":\\\"\\\",\\\"errMsg\\\":\\\"\\\"}\"],\"size\":[\"10\"],\"page\":[\"1\"]}', 6, NULL, '2022-08-01 14:34:50', 'admin', '2022-08-01 14:34:50', 'admin', 0);
INSERT INTO `sys_log` VALUES (309084757726068736, 'SYS', '系统日志', '分页查询', 2, 292798030246051840, 1, '0:0:0:0:0:0:0:1', 'top.zsmile.modules.sys.controller.SysLogController.list', NULL, 'GET', '{\"__v_isShallow\":[\"false\"],\"__v_isRef\":[\"true\"],\"_rawValue\":[\"{\\\"id\\\":\\\"\\\",\\\"logModule\\\":\\\"\\\",\\\"logTitle\\\":\\\"\\\",\\\"logValue\\\":\\\"\\\",\\\"logType\\\":\\\"\\\",\\\"userId\\\":\\\"\\\",\\\"operateType\\\":\\\"\\\",\\\"ipAddress\\\":\\\"\\\",\\\"method\\\":\\\"\\\",\\\"requestUrl\\\":\\\"\\\",\\\"requestType\\\":\\\"\\\",\\\"requestParams\\\":\\\"\\\",\\\"costTime\\\":\\\"\\\",\\\"errMsg\\\":\\\"\\\"}\"],\"_value\":[\"{\\\"id\\\":\\\"\\\",\\\"logModule\\\":\\\"\\\",\\\"logTitle\\\":\\\"\\\",\\\"logValue\\\":\\\"\\\",\\\"logType\\\":\\\"\\\",\\\"userId\\\":\\\"\\\",\\\"operateType\\\":\\\"\\\",\\\"ipAddress\\\":\\\"\\\",\\\"method\\\":\\\"\\\",\\\"requestUrl\\\":\\\"\\\",\\\"requestType\\\":\\\"\\\",\\\"requestParams\\\":\\\"\\\",\\\"costTime\\\":\\\"\\\",\\\"errMsg\\\":\\\"\\\"}\"],\"size\":[\"10\"],\"page\":[\"1\"]}', 7, NULL, '2022-08-01 14:36:58', 'admin', '2022-08-01 14:36:58', 'admin', 0);
INSERT INTO `sys_log` VALUES (309084822406430720, 'SYS', '系统日志', '分页查询', 2, 292798030246051840, 1, '0:0:0:0:0:0:0:1', 'top.zsmile.modules.sys.controller.SysLogController.list', NULL, 'GET', '{\"__v_isShallow\":[\"false\"],\"__v_isRef\":[\"true\"],\"_rawValue\":[\"{\\\"id\\\":\\\"\\\",\\\"logModule\\\":\\\"\\\",\\\"logTitle\\\":\\\"\\\",\\\"logValue\\\":\\\"\\\",\\\"logType\\\":\\\"\\\",\\\"userId\\\":\\\"\\\",\\\"operateType\\\":\\\"\\\",\\\"ipAddress\\\":\\\"\\\",\\\"method\\\":\\\"\\\",\\\"requestUrl\\\":\\\"\\\",\\\"requestType\\\":\\\"\\\",\\\"requestParams\\\":\\\"\\\",\\\"costTime\\\":\\\"\\\",\\\"errMsg\\\":\\\"\\\"}\"],\"_value\":[\"{\\\"id\\\":\\\"\\\",\\\"logModule\\\":\\\"\\\",\\\"logTitle\\\":\\\"\\\",\\\"logValue\\\":\\\"\\\",\\\"logType\\\":\\\"\\\",\\\"userId\\\":\\\"\\\",\\\"operateType\\\":\\\"\\\",\\\"ipAddress\\\":\\\"\\\",\\\"method\\\":\\\"\\\",\\\"requestUrl\\\":\\\"\\\",\\\"requestType\\\":\\\"\\\",\\\"requestParams\\\":\\\"\\\",\\\"costTime\\\":\\\"\\\",\\\"errMsg\\\":\\\"\\\"}\"],\"size\":[\"10\"],\"page\":[\"1\"]}', 6, NULL, '2022-08-01 14:37:13', 'admin', '2022-08-01 14:37:13', 'admin', 0);
INSERT INTO `sys_log` VALUES (309084850034311168, 'SYS', '系统日志', '分页查询', 2, 292798030246051840, 1, '0:0:0:0:0:0:0:1', 'top.zsmile.modules.sys.controller.SysLogController.list', NULL, 'GET', '{\"__v_isShallow\":[\"false\"],\"__v_isRef\":[\"true\"],\"_rawValue\":[\"{\\\"id\\\":\\\"\\\",\\\"logModule\\\":\\\"\\\",\\\"logTitle\\\":\\\"\\\",\\\"logValue\\\":\\\"\\\",\\\"logType\\\":\\\"\\\",\\\"userId\\\":\\\"\\\",\\\"operateType\\\":\\\"\\\",\\\"ipAddress\\\":\\\"\\\",\\\"method\\\":\\\"\\\",\\\"requestUrl\\\":\\\"\\\",\\\"requestType\\\":\\\"\\\",\\\"requestParams\\\":\\\"\\\",\\\"costTime\\\":\\\"\\\",\\\"errMsg\\\":\\\"\\\"}\"],\"_value\":[\"{\\\"id\\\":\\\"\\\",\\\"logModule\\\":\\\"\\\",\\\"logTitle\\\":\\\"\\\",\\\"logValue\\\":\\\"\\\",\\\"logType\\\":\\\"\\\",\\\"userId\\\":\\\"\\\",\\\"operateType\\\":\\\"\\\",\\\"ipAddress\\\":\\\"\\\",\\\"method\\\":\\\"\\\",\\\"requestUrl\\\":\\\"\\\",\\\"requestType\\\":\\\"\\\",\\\"requestParams\\\":\\\"\\\",\\\"costTime\\\":\\\"\\\",\\\"errMsg\\\":\\\"\\\"}\"],\"size\":[\"10\"],\"page\":[\"1\"]}', 6, NULL, '2022-08-01 14:37:20', 'admin', '2022-08-01 14:37:20', 'admin', 0);
INSERT INTO `sys_log` VALUES (309084864265584640, 'SYS', '系统日志', '分页查询', 2, 292798030246051840, 1, '0:0:0:0:0:0:0:1', 'top.zsmile.modules.sys.controller.SysLogController.list', NULL, 'GET', '{\"__v_isShallow\":[\"false\"],\"dep\":[\"{\\\"w\\\":0,\\\"n\\\":0}\"],\"__v_isRef\":[\"true\"],\"_rawValue\":[\"{\\\"id\\\":\\\"\\\",\\\"logModule\\\":\\\"\\\",\\\"logTitle\\\":\\\"\\\",\\\"logValue\\\":\\\"\\\",\\\"logType\\\":\\\"\\\",\\\"userId\\\":\\\"\\\",\\\"operateType\\\":\\\"\\\",\\\"ipAddress\\\":\\\"\\\",\\\"method\\\":\\\"\\\",\\\"requestUrl\\\":\\\"\\\",\\\"requestType\\\":\\\"\\\",\\\"requestParams\\\":\\\"\\\",\\\"costTime\\\":\\\"\\\",\\\"errMsg\\\":\\\"\\\"}\"],\"_value\":[\"{\\\"id\\\":\\\"\\\",\\\"logModule\\\":\\\"\\\",\\\"logTitle\\\":\\\"\\\",\\\"logValue\\\":\\\"\\\",\\\"logType\\\":\\\"\\\",\\\"userId\\\":\\\"\\\",\\\"operateType\\\":\\\"\\\",\\\"ipAddress\\\":\\\"\\\",\\\"method\\\":\\\"\\\",\\\"requestUrl\\\":\\\"\\\",\\\"requestType\\\":\\\"\\\",\\\"requestParams\\\":\\\"\\\",\\\"costTime\\\":\\\"\\\",\\\"errMsg\\\":\\\"\\\"}\"],\"size\":[\"10\"],\"page\":[\"1\"]}', 6, NULL, '2022-08-01 14:37:23', 'admin', '2022-08-01 14:37:23', 'admin', 0);
INSERT INTO `sys_log` VALUES (309084869831426048, 'SYS', '系统日志', '分页查询', 2, 292798030246051840, 1, '0:0:0:0:0:0:0:1', 'top.zsmile.modules.sys.controller.SysLogController.list', NULL, 'GET', '{\"__v_isShallow\":[\"false\"],\"dep\":[\"{\\\"w\\\":0,\\\"n\\\":0}\"],\"__v_isRef\":[\"true\"],\"_rawValue\":[\"{\\\"id\\\":\\\"\\\",\\\"logModule\\\":\\\"\\\",\\\"logTitle\\\":\\\"\\\",\\\"logValue\\\":\\\"\\\",\\\"logType\\\":\\\"\\\",\\\"userId\\\":\\\"\\\",\\\"operateType\\\":\\\"\\\",\\\"ipAddress\\\":\\\"\\\",\\\"method\\\":\\\"\\\",\\\"requestUrl\\\":\\\"\\\",\\\"requestType\\\":\\\"\\\",\\\"requestParams\\\":\\\"\\\",\\\"costTime\\\":\\\"\\\",\\\"errMsg\\\":\\\"\\\"}\"],\"_value\":[\"{\\\"id\\\":\\\"\\\",\\\"logModule\\\":\\\"\\\",\\\"logTitle\\\":\\\"\\\",\\\"logValue\\\":\\\"\\\",\\\"logType\\\":\\\"\\\",\\\"userId\\\":\\\"\\\",\\\"operateType\\\":\\\"\\\",\\\"ipAddress\\\":\\\"\\\",\\\"method\\\":\\\"\\\",\\\"requestUrl\\\":\\\"\\\",\\\"requestType\\\":\\\"\\\",\\\"requestParams\\\":\\\"\\\",\\\"costTime\\\":\\\"\\\",\\\"errMsg\\\":\\\"\\\"}\"],\"size\":[\"10\"],\"page\":[\"1\"]}', 5, NULL, '2022-08-01 14:37:24', 'admin', '2022-08-01 14:37:24', 'admin', 0);
INSERT INTO `sys_log` VALUES (309084884163362816, 'SYS', '系统日志', '分页查询', 2, 292798030246051840, 1, '0:0:0:0:0:0:0:1', 'top.zsmile.modules.sys.controller.SysLogController.list', NULL, 'GET', '{\"__v_isShallow\":[\"false\"],\"dep\":[\"{\\\"w\\\":0,\\\"n\\\":0}\"],\"__v_isRef\":[\"true\"],\"_rawValue\":[\"{\\\"id\\\":\\\"\\\",\\\"logModule\\\":\\\"\\\",\\\"logTitle\\\":\\\"\\\",\\\"logValue\\\":\\\"\\\",\\\"logType\\\":\\\"\\\",\\\"userId\\\":\\\"\\\",\\\"operateType\\\":\\\"4\\\",\\\"ipAddress\\\":\\\"\\\",\\\"method\\\":\\\"\\\",\\\"requestUrl\\\":\\\"\\\",\\\"requestType\\\":\\\"\\\",\\\"requestParams\\\":\\\"\\\",\\\"costTime\\\":\\\"\\\",\\\"errMsg\\\":\\\"\\\"}\"],\"_value\":[\"{\\\"id\\\":\\\"\\\",\\\"logModule\\\":\\\"\\\",\\\"logTitle\\\":\\\"\\\",\\\"logValue\\\":\\\"\\\",\\\"logType\\\":\\\"\\\",\\\"userId\\\":\\\"\\\",\\\"operateType\\\":\\\"4\\\",\\\"ipAddress\\\":\\\"\\\",\\\"method\\\":\\\"\\\",\\\"requestUrl\\\":\\\"\\\",\\\"requestType\\\":\\\"\\\",\\\"requestParams\\\":\\\"\\\",\\\"costTime\\\":\\\"\\\",\\\"errMsg\\\":\\\"\\\"}\"],\"size\":[\"10\"],\"page\":[\"1\"]}', 7, NULL, '2022-08-01 14:37:28', 'admin', '2022-08-01 14:37:28', 'admin', 0);
INSERT INTO `sys_log` VALUES (309084887111958528, 'SYS', '系统日志', '分页查询', 2, 292798030246051840, 1, '0:0:0:0:0:0:0:1', 'top.zsmile.modules.sys.controller.SysLogController.list', NULL, 'GET', '{\"__v_isShallow\":[\"false\"],\"dep\":[\"{\\\"w\\\":0,\\\"n\\\":0}\"],\"__v_isRef\":[\"true\"],\"_rawValue\":[\"{\\\"id\\\":\\\"\\\",\\\"logModule\\\":\\\"\\\",\\\"logTitle\\\":\\\"\\\",\\\"logValue\\\":\\\"\\\",\\\"logType\\\":\\\"\\\",\\\"userId\\\":\\\"\\\",\\\"operateType\\\":\\\"\\\",\\\"ipAddress\\\":\\\"\\\",\\\"method\\\":\\\"\\\",\\\"requestUrl\\\":\\\"\\\",\\\"requestType\\\":\\\"\\\",\\\"requestParams\\\":\\\"\\\",\\\"costTime\\\":\\\"\\\",\\\"errMsg\\\":\\\"\\\"}\"],\"_value\":[\"{\\\"id\\\":\\\"\\\",\\\"logModule\\\":\\\"\\\",\\\"logTitle\\\":\\\"\\\",\\\"logValue\\\":\\\"\\\",\\\"logType\\\":\\\"\\\",\\\"userId\\\":\\\"\\\",\\\"operateType\\\":\\\"\\\",\\\"ipAddress\\\":\\\"\\\",\\\"method\\\":\\\"\\\",\\\"requestUrl\\\":\\\"\\\",\\\"requestType\\\":\\\"\\\",\\\"requestParams\\\":\\\"\\\",\\\"costTime\\\":\\\"\\\",\\\"errMsg\\\":\\\"\\\"}\"],\"size\":[\"10\"],\"page\":[\"1\"]}', 5, NULL, '2022-08-01 14:37:28', 'admin', '2022-08-01 14:37:28', 'admin', 0);
INSERT INTO `sys_log` VALUES (309084940216041472, 'SYS', '系统日志', '分页查询', 2, 292798030246051840, 1, '0:0:0:0:0:0:0:1', 'top.zsmile.modules.sys.controller.SysLogController.list', NULL, 'GET', '{\"id\":[\"\"],\"logModule\":[\"\"],\"logTitle\":[\"\"],\"logValue\":[\"\"],\"logType\":[\"\"],\"userId\":[\"\"],\"operateType\":[\"\"],\"ipAddress\":[\"\"],\"method\":[\"\"],\"requestUrl\":[\"\"],\"requestType\":[\"\"],\"requestParams\":[\"\"],\"costTime\":[\"\"],\"errMsg\":[\"\"],\"size\":[\"10\"],\"page\":[\"1\"]}', 6, NULL, '2022-08-01 14:37:41', 'admin', '2022-08-01 14:37:41', 'admin', 0);
INSERT INTO `sys_log` VALUES (309084959996379136, 'SYS', '系统日志', '分页查询', 2, 292798030246051840, 1, '0:0:0:0:0:0:0:1', 'top.zsmile.modules.sys.controller.SysLogController.list', NULL, 'GET', '{\"id\":[\"\"],\"logModule\":[\"\"],\"logTitle\":[\"\"],\"logValue\":[\"\"],\"logType\":[\"\"],\"userId\":[\"\"],\"operateType\":[\"2\"],\"ipAddress\":[\"\"],\"method\":[\"\"],\"requestUrl\":[\"\"],\"requestType\":[\"\"],\"requestParams\":[\"\"],\"costTime\":[\"\"],\"errMsg\":[\"\"],\"size\":[\"10\"],\"page\":[\"1\"]}', 6, NULL, '2022-08-01 14:37:46', 'admin', '2022-08-01 14:37:46', 'admin', 0);
INSERT INTO `sys_log` VALUES (309084964798857216, 'SYS', '系统日志', '分页查询', 2, 292798030246051840, 1, '0:0:0:0:0:0:0:1', 'top.zsmile.modules.sys.controller.SysLogController.list', NULL, 'GET', '{\"id\":[\"\"],\"logModule\":[\"\"],\"logTitle\":[\"\"],\"logValue\":[\"\"],\"logType\":[\"\"],\"userId\":[\"\"],\"operateType\":[\"\"],\"ipAddress\":[\"\"],\"method\":[\"\"],\"requestUrl\":[\"\"],\"requestType\":[\"\"],\"requestParams\":[\"\"],\"costTime\":[\"\"],\"errMsg\":[\"\"],\"size\":[\"10\"],\"page\":[\"1\"]}', 6, NULL, '2022-08-01 14:37:47', 'admin', '2022-08-01 14:37:47', 'admin', 0);
INSERT INTO `sys_log` VALUES (309084966833094656, 'SYS', '系统日志', '分页查询', 2, 292798030246051840, 1, '0:0:0:0:0:0:0:1', 'top.zsmile.modules.sys.controller.SysLogController.list', NULL, 'GET', '{\"id\":[\"\"],\"logModule\":[\"\"],\"logTitle\":[\"\"],\"logValue\":[\"\"],\"logType\":[\"\"],\"userId\":[\"\"],\"operateType\":[\"\"],\"ipAddress\":[\"\"],\"method\":[\"\"],\"requestUrl\":[\"\"],\"requestType\":[\"\"],\"requestParams\":[\"\"],\"costTime\":[\"\"],\"errMsg\":[\"\"],\"size\":[\"10\"],\"page\":[\"1\"]}', 5, NULL, '2022-08-01 14:37:48', 'admin', '2022-08-01 14:37:48', 'admin', 0);
INSERT INTO `sys_log` VALUES (309085280613171200, 'SYS', '系统日志', '分页查询', 2, 292798030246051840, 1, '0:0:0:0:0:0:0:1', 'top.zsmile.modules.sys.controller.SysLogController.list', NULL, 'GET', '{\"id\":[\"\"],\"logModule\":[\"\"],\"logTitle\":[\"\"],\"logValue\":[\"\"],\"logType\":[\"\"],\"userId\":[\"\"],\"operateType\":[\"\"],\"ipAddress\":[\"\"],\"method\":[\"\"],\"requestUrl\":[\"\"],\"requestType\":[\"\"],\"requestParams\":[\"\"],\"costTime\":[\"\"],\"errMsg\":[\"\"],\"size\":[\"10\"],\"page\":[\"1\"]}', 6, NULL, '2022-08-01 14:39:02', 'admin', '2022-08-01 14:39:02', 'admin', 0);
INSERT INTO `sys_log` VALUES (309085292311085056, 'SYS', '系统日志', '分页查询', 2, 292798030246051840, 1, '0:0:0:0:0:0:0:1', 'top.zsmile.modules.sys.controller.SysLogController.list', NULL, 'GET', '{\"id\":[\"\"],\"logModule\":[\"\"],\"logTitle\":[\"\"],\"logValue\":[\"\"],\"logType\":[\"\"],\"userId\":[\"\"],\"operateType\":[\"\"],\"ipAddress\":[\"\"],\"method\":[\"\"],\"requestUrl\":[\"\"],\"requestType\":[\"\"],\"requestParams\":[\"\"],\"costTime\":[\"\"],\"errMsg\":[\"\"],\"size\":[\"10\"],\"page\":[\"1\"]}', 7, NULL, '2022-08-01 14:39:05', 'admin', '2022-08-01 14:39:05', 'admin', 0);
INSERT INTO `sys_log` VALUES (309085301177843712, 'SYS', '系统日志', '分页查询', 2, 292798030246051840, 1, '0:0:0:0:0:0:0:1', 'top.zsmile.modules.sys.controller.SysLogController.list', NULL, 'GET', '{\"id\":[\"\"],\"logModule\":[\"\"],\"logTitle\":[\"\"],\"logValue\":[\"\"],\"logType\":[\"\"],\"userId\":[\"\"],\"operateType\":[\"2\"],\"ipAddress\":[\"\"],\"method\":[\"\"],\"requestUrl\":[\"\"],\"requestType\":[\"\"],\"requestParams\":[\"\"],\"costTime\":[\"\"],\"errMsg\":[\"\"],\"size\":[\"10\"],\"page\":[\"1\"]}', 5, NULL, '2022-08-01 14:39:07', 'admin', '2022-08-01 14:39:07', 'admin', 0);
INSERT INTO `sys_log` VALUES (309085303799283712, 'SYS', '系统日志', '分页查询', 2, 292798030246051840, 1, '0:0:0:0:0:0:0:1', 'top.zsmile.modules.sys.controller.SysLogController.list', NULL, 'GET', '{\"id\":[\"\"],\"logModule\":[\"\"],\"logTitle\":[\"\"],\"logValue\":[\"\"],\"logType\":[\"\"],\"userId\":[\"\"],\"operateType\":[\"\"],\"ipAddress\":[\"\"],\"method\":[\"\"],\"requestUrl\":[\"\"],\"requestType\":[\"\"],\"requestParams\":[\"\"],\"costTime\":[\"\"],\"errMsg\":[\"\"],\"size\":[\"10\"],\"page\":[\"1\"]}', 7, NULL, '2022-08-01 14:39:08', 'admin', '2022-08-01 14:39:08', 'admin', 0);
INSERT INTO `sys_log` VALUES (309085376566263808, 'SYS', '系统日志', '分页查询', 2, 292798030246051840, 1, '0:0:0:0:0:0:0:1', 'top.zsmile.modules.sys.controller.SysLogController.list', NULL, 'GET', '{\"id\":[\"\"],\"logModule\":[\"\"],\"logTitle\":[\"\"],\"logValue\":[\"\"],\"logType\":[\"\"],\"userId\":[\"\"],\"operateType\":[\"2\"],\"ipAddress\":[\"\"],\"method\":[\"\"],\"requestUrl\":[\"\"],\"requestType\":[\"\"],\"requestParams\":[\"\"],\"costTime\":[\"\"],\"errMsg\":[\"\"],\"size\":[\"10\"],\"page\":[\"1\"]}', 5, NULL, '2022-08-01 14:39:25', 'admin', '2022-08-01 14:39:25', 'admin', 0);
INSERT INTO `sys_log` VALUES (309085381704286208, 'SYS', '系统日志', '分页查询', 2, 292798030246051840, 1, '0:0:0:0:0:0:0:1', 'top.zsmile.modules.sys.controller.SysLogController.list', NULL, 'GET', '{\"id\":[\"\"],\"logModule\":[\"\"],\"logTitle\":[\"\"],\"logValue\":[\"\"],\"logType\":[\"\"],\"userId\":[\"\"],\"operateType\":[\"\"],\"ipAddress\":[\"\"],\"method\":[\"\"],\"requestUrl\":[\"\"],\"requestType\":[\"\"],\"requestParams\":[\"\"],\"costTime\":[\"\"],\"errMsg\":[\"\"],\"size\":[\"10\"],\"page\":[\"1\"]}', 4, NULL, '2022-08-01 14:39:26', 'admin', '2022-08-01 14:39:26', 'admin', 0);
INSERT INTO `sys_log` VALUES (309085429892644864, 'SYS', '系统日志', '分页查询', 2, 292798030246051840, 1, '0:0:0:0:0:0:0:1', 'top.zsmile.modules.sys.controller.SysLogController.list', NULL, 'GET', '{\"id\":[\"\"],\"logModule\":[\"\"],\"logTitle\":[\"\"],\"logValue\":[\"\"],\"logType\":[\"\"],\"userId\":[\"\"],\"operateType\":[\"\"],\"ipAddress\":[\"\"],\"method\":[\"\"],\"requestUrl\":[\"\"],\"requestType\":[\"\"],\"requestParams\":[\"\"],\"costTime\":[\"\"],\"errMsg\":[\"\"],\"size\":[\"10\"],\"page\":[\"1\"]}', 8, NULL, '2022-08-01 14:39:38', 'admin', '2022-08-01 14:39:38', 'admin', 0);
INSERT INTO `sys_log` VALUES (309085467171618816, 'SYS', '系统日志', '分页查询', 2, 292798030246051840, 1, '0:0:0:0:0:0:0:1', 'top.zsmile.modules.sys.controller.SysLogController.list', NULL, 'GET', '{\"id\":[\"\"],\"logModule\":[\"\"],\"logTitle\":[\"\"],\"logValue\":[\"\"],\"logType\":[\"\"],\"userId\":[\"\"],\"operateType\":[\"2\"],\"ipAddress\":[\"\"],\"method\":[\"\"],\"requestUrl\":[\"\"],\"requestType\":[\"\"],\"requestParams\":[\"\"],\"costTime\":[\"\"],\"errMsg\":[\"\"],\"size\":[\"10\"],\"page\":[\"1\"]}', 6, NULL, '2022-08-01 14:39:47', 'admin', '2022-08-01 14:39:47', 'admin', 0);
INSERT INTO `sys_log` VALUES (309085497639043072, 'SYS', '系统日志', '分页查询', 2, 292798030246051840, 1, '0:0:0:0:0:0:0:1', 'top.zsmile.modules.sys.controller.SysLogController.list', NULL, 'GET', '{\"id\":[\"\"],\"logModule\":[\"\"],\"logTitle\":[\"\"],\"logValue\":[\"\"],\"logType\":[\"\"],\"userId\":[\"\"],\"operateType\":[\"4\"],\"ipAddress\":[\"\"],\"method\":[\"\"],\"requestUrl\":[\"\"],\"requestType\":[\"\"],\"requestParams\":[\"\"],\"costTime\":[\"\"],\"errMsg\":[\"\"],\"size\":[\"10\"],\"page\":[\"1\"]}', 6, NULL, '2022-08-01 14:39:54', 'admin', '2022-08-01 14:39:54', 'admin', 0);
INSERT INTO `sys_log` VALUES (309085514080714752, 'SYS', '系统日志', '分页查询', 2, 292798030246051840, 1, '0:0:0:0:0:0:0:1', 'top.zsmile.modules.sys.controller.SysLogController.list', NULL, 'GET', '{\"id\":[\"\"],\"logModule\":[\"\"],\"logTitle\":[\"\"],\"logValue\":[\"\"],\"logType\":[\"\"],\"userId\":[\"\"],\"operateType\":[\"3\"],\"ipAddress\":[\"\"],\"method\":[\"\"],\"requestUrl\":[\"\"],\"requestType\":[\"\"],\"requestParams\":[\"\"],\"costTime\":[\"\"],\"errMsg\":[\"\"],\"size\":[\"10\"],\"page\":[\"1\"]}', 5, NULL, '2022-08-01 14:39:58', 'admin', '2022-08-01 14:39:58', 'admin', 0);
INSERT INTO `sys_log` VALUES (309085532300771328, 'SYS', '系统日志', '分页查询', 2, 292798030246051840, 1, '0:0:0:0:0:0:0:1', 'top.zsmile.modules.sys.controller.SysLogController.list', NULL, 'GET', '{\"id\":[\"\"],\"logModule\":[\"\"],\"logTitle\":[\"\"],\"logValue\":[\"\"],\"logType\":[\"\"],\"userId\":[\"\"],\"operateType\":[\"\"],\"ipAddress\":[\"\"],\"method\":[\"\"],\"requestUrl\":[\"\"],\"requestType\":[\"\"],\"requestParams\":[\"\"],\"costTime\":[\"\"],\"errMsg\":[\"\"],\"size\":[\"10\"],\"page\":[\"1\"]}', 6, NULL, '2022-08-01 14:40:02', 'admin', '2022-08-01 14:40:02', 'admin', 0);
INSERT INTO `sys_log` VALUES (309085848459018240, 'SYS', '系统日志', '分页查询', 2, 292798030246051840, 1, '0:0:0:0:0:0:0:1', 'top.zsmile.modules.sys.controller.SysLogController.list', NULL, 'GET', '{\"id\":[\"\"],\"logModule\":[\"\"],\"logTitle\":[\"\"],\"logValue\":[\"\"],\"logType\":[\"\"],\"userId\":[\"\"],\"operateType\":[\"\"],\"ipAddress\":[\"\"],\"method\":[\"\"],\"requestUrl\":[\"\"],\"requestType\":[\"\"],\"requestParams\":[\"\"],\"costTime\":[\"\"],\"errMsg\":[\"\"],\"size\":[\"10\"],\"page\":[\"1\"]}', 7, NULL, '2022-08-01 14:41:18', 'admin', '2022-08-01 14:41:18', 'admin', 0);
INSERT INTO `sys_log` VALUES (309085868985942016, 'SYS', '系统日志', '分页查询', 2, 292798030246051840, 1, '0:0:0:0:0:0:0:1', 'top.zsmile.modules.sys.controller.SysLogController.list', NULL, 'GET', '{\"id\":[\"\"],\"logModule\":[\"\"],\"logTitle\":[\"\"],\"logValue\":[\"\"],\"logType\":[\"\"],\"userId\":[\"\"],\"operateType\":[\"3\"],\"ipAddress\":[\"\"],\"method\":[\"\"],\"requestUrl\":[\"\"],\"requestType\":[\"\"],\"requestParams\":[\"\"],\"costTime\":[\"\"],\"errMsg\":[\"\"],\"size\":[\"10\"],\"page\":[\"1\"]}', 6, NULL, '2022-08-01 14:41:23', 'admin', '2022-08-01 14:41:23', 'admin', 0);
INSERT INTO `sys_log` VALUES (309085884026716160, 'SYS', '系统日志', '分页查询', 2, 292798030246051840, 1, '0:0:0:0:0:0:0:1', 'top.zsmile.modules.sys.controller.SysLogController.list', NULL, 'GET', '{\"id\":[\"\"],\"logModule\":[\"\"],\"logTitle\":[\"\"],\"logValue\":[\"\"],\"logType\":[\"\"],\"userId\":[\"\"],\"operateType\":[\"\"],\"ipAddress\":[\"\"],\"method\":[\"\"],\"requestUrl\":[\"\"],\"requestType\":[\"\"],\"requestParams\":[\"\"],\"costTime\":[\"\"],\"errMsg\":[\"\"],\"size\":[\"10\"],\"page\":[\"1\"]}', 6, NULL, '2022-08-01 14:41:26', 'admin', '2022-08-01 14:41:26', 'admin', 0);
INSERT INTO `sys_log` VALUES (309086081498742784, 'SYS', '系统日志', '分页查询', 2, 292798030246051840, 1, '0:0:0:0:0:0:0:1', 'top.zsmile.modules.sys.controller.SysLogController.list', NULL, 'GET', '{\"id\":[\"\"],\"logModule\":[\"\"],\"logTitle\":[\"\"],\"logValue\":[\"\"],\"logType\":[\"\"],\"userId\":[\"\"],\"operateType\":[\"\"],\"ipAddress\":[\"\"],\"method\":[\"\"],\"requestUrl\":[\"\"],\"requestType\":[\"\"],\"requestParams\":[\"\"],\"costTime\":[\"\"],\"errMsg\":[\"\"],\"size\":[\"10\"],\"page\":[\"1\"]}', 8, NULL, '2022-08-01 14:42:13', 'admin', '2022-08-01 14:42:13', 'admin', 0);
INSERT INTO `sys_log` VALUES (309086106417102848, 'SYS', '系统日志', '分页查询', 2, 292798030246051840, 1, '0:0:0:0:0:0:0:1', 'top.zsmile.modules.sys.controller.SysLogController.list', NULL, 'GET', '{\"id\":[\"\"],\"logModule\":[\"\"],\"logTitle\":[\"\"],\"logValue\":[\"\"],\"logType\":[\"\"],\"userId\":[\"\"],\"operateType\":[\"3\"],\"ipAddress\":[\"\"],\"method\":[\"\"],\"requestUrl\":[\"\"],\"requestType\":[\"\"],\"requestParams\":[\"\"],\"costTime\":[\"\"],\"errMsg\":[\"\"],\"size\":[\"10\"],\"page\":[\"1\"]}', 6, NULL, '2022-08-01 14:42:19', 'admin', '2022-08-01 14:42:19', 'admin', 0);
INSERT INTO `sys_log` VALUES (309086150037864448, 'SYS', '系统日志', '分页查询', 2, 292798030246051840, 1, '0:0:0:0:0:0:0:1', 'top.zsmile.modules.sys.controller.SysLogController.list', NULL, 'GET', '{\"id\":[\"\"],\"logModule\":[\"\"],\"logTitle\":[\"\"],\"logValue\":[\"\"],\"logType\":[\"\"],\"userId\":[\"\"],\"operateType\":[\"\"],\"ipAddress\":[\"\"],\"method\":[\"\"],\"requestUrl\":[\"\"],\"requestType\":[\"\"],\"requestParams\":[\"\"],\"costTime\":[\"\"],\"errMsg\":[\"\"],\"size\":[\"10\"],\"page\":[\"1\"]}', 7, NULL, '2022-08-01 14:42:30', 'admin', '2022-08-01 14:42:30', 'admin', 0);
INSERT INTO `sys_log` VALUES (309086577357750272, 'SYS', '系统日志', '分页查询', 2, 292798030246051840, 1, '0:0:0:0:0:0:0:1', 'top.zsmile.modules.sys.controller.SysLogController.list', NULL, 'GET', '{\"id\":[\"\"],\"logModule\":[\"\"],\"logTitle\":[\"\"],\"logValue\":[\"\"],\"logType\":[\"\"],\"userId\":[\"\"],\"operateType\":[\"\"],\"ipAddress\":[\"\"],\"method\":[\"\"],\"requestUrl\":[\"\"],\"requestType\":[\"\"],\"requestParams\":[\"\"],\"costTime\":[\"\"],\"errMsg\":[\"\"],\"size\":[\"10\"],\"page\":[\"1\"]}', 7, NULL, '2022-08-01 14:44:11', 'admin', '2022-08-01 14:44:11', 'admin', 0);
INSERT INTO `sys_log` VALUES (309086624992460800, 'SYS', '系统日志', '分页查询', 2, 292798030246051840, 1, '0:0:0:0:0:0:0:1', 'top.zsmile.modules.sys.controller.SysLogController.list', NULL, 'GET', '{\"id\":[\"\"],\"logModule\":[\"\"],\"logTitle\":[\"\"],\"logValue\":[\"\"],\"logType\":[\"\"],\"userId\":[\"\"],\"operateType\":[\"3\"],\"ipAddress\":[\"\"],\"method\":[\"\"],\"requestUrl\":[\"\"],\"requestType\":[\"\"],\"requestParams\":[\"\"],\"costTime\":[\"\"],\"errMsg\":[\"\"],\"size\":[\"10\"],\"page\":[\"1\"]}', 5, NULL, '2022-08-01 14:44:23', 'admin', '2022-08-01 14:44:23', 'admin', 0);
INSERT INTO `sys_log` VALUES (309086633657892864, 'SYS', '系统日志', '分页查询', 2, 292798030246051840, 1, '0:0:0:0:0:0:0:1', 'top.zsmile.modules.sys.controller.SysLogController.list', NULL, 'GET', '{\"id\":[\"\"],\"logModule\":[\"\"],\"logTitle\":[\"\"],\"logValue\":[\"\"],\"logType\":[\"\"],\"userId\":[\"\"],\"operateType\":[\"\"],\"ipAddress\":[\"\"],\"method\":[\"\"],\"requestUrl\":[\"\"],\"requestType\":[\"\"],\"requestParams\":[\"\"],\"costTime\":[\"\"],\"errMsg\":[\"\"],\"size\":[\"10\"],\"page\":[\"1\"]}', 7, NULL, '2022-08-01 14:44:25', 'admin', '2022-08-01 14:44:25', 'admin', 0);
INSERT INTO `sys_log` VALUES (309086718147952640, 'SYS', '系统日志', '分页查询', 2, 292798030246051840, 1, '0:0:0:0:0:0:0:1', 'top.zsmile.modules.sys.controller.SysLogController.list', NULL, 'GET', '{\"id\":[\"\"],\"logModule\":[\"\"],\"logTitle\":[\"\"],\"logValue\":[\"\"],\"logType\":[\"\"],\"userId\":[\"\"],\"operateType\":[\"\"],\"ipAddress\":[\"\"],\"method\":[\"\"],\"requestUrl\":[\"\"],\"requestType\":[\"\"],\"requestParams\":[\"\"],\"costTime\":[\"\"],\"errMsg\":[\"\"],\"size\":[\"10\"],\"page\":[\"1\"]}', 7, NULL, '2022-08-01 14:44:45', 'admin', '2022-08-01 14:44:45', 'admin', 0);
INSERT INTO `sys_log` VALUES (309087209468723200, 'SYS', '系统日志', '分页查询', 2, 292798030246051840, 1, '0:0:0:0:0:0:0:1', 'top.zsmile.modules.sys.controller.SysLogController.list', NULL, 'GET', '{\"id\":[\"\"],\"logModule\":[\"\"],\"logTitle\":[\"\"],\"logValue\":[\"\"],\"logType\":[\"\"],\"userId\":[\"\"],\"operateType\":[\"\"],\"ipAddress\":[\"\"],\"method\":[\"\"],\"requestUrl\":[\"\"],\"requestType\":[\"\"],\"requestParams\":[\"\"],\"costTime\":[\"\"],\"errMsg\":[\"\"],\"size\":[\"10\"],\"page\":[\"1\"]}', 7, NULL, '2022-08-01 14:46:42', 'admin', '2022-08-01 14:46:42', 'admin', 0);
INSERT INTO `sys_log` VALUES (309087607071965184, 'SYS', '系统日志', '分页查询', 2, 292798030246051840, 1, '0:0:0:0:0:0:0:1', 'top.zsmile.modules.sys.controller.SysLogController.list', NULL, 'GET', '{\"id\":[\"\"],\"logModule\":[\"\"],\"logTitle\":[\"\"],\"logValue\":[\"\"],\"logType\":[\"\"],\"userId\":[\"\"],\"operateType\":[\"\"],\"ipAddress\":[\"\"],\"method\":[\"\"],\"requestUrl\":[\"\"],\"requestType\":[\"\"],\"requestParams\":[\"\"],\"costTime\":[\"\"],\"errMsg\":[\"\"],\"size\":[\"10\"],\"page\":[\"1\"]}', 8, NULL, '2022-08-01 14:48:17', 'admin', '2022-08-01 14:48:17', 'admin', 0);
INSERT INTO `sys_log` VALUES (309087621030608896, 'SYS', '系统日志', '分页查询', 2, 292798030246051840, 1, '0:0:0:0:0:0:0:1', 'top.zsmile.modules.sys.controller.SysLogController.list', NULL, 'GET', '{\"id\":[\"\"],\"logModule\":[\"\"],\"logTitle\":[\"\"],\"logValue\":[\"\"],\"logType\":[\"\"],\"userId\":[\"\"],\"operateType\":[\"3\"],\"ipAddress\":[\"\"],\"method\":[\"\"],\"requestUrl\":[\"\"],\"requestType\":[\"\"],\"requestParams\":[\"\"],\"costTime\":[\"\"],\"errMsg\":[\"\"],\"size\":[\"10\"],\"page\":[\"1\"]}', 6, NULL, '2022-08-01 14:48:20', 'admin', '2022-08-01 14:48:20', 'admin', 0);
INSERT INTO `sys_log` VALUES (309087628743933952, 'SYS', '系统日志', '分页查询', 2, 292798030246051840, 1, '0:0:0:0:0:0:0:1', 'top.zsmile.modules.sys.controller.SysLogController.list', NULL, 'GET', '{\"id\":[\"\"],\"logModule\":[\"\"],\"logTitle\":[\"\"],\"logValue\":[\"\"],\"logType\":[\"\"],\"userId\":[\"\"],\"operateType\":[\"\"],\"ipAddress\":[\"\"],\"method\":[\"\"],\"requestUrl\":[\"\"],\"requestType\":[\"\"],\"requestParams\":[\"\"],\"costTime\":[\"\"],\"errMsg\":[\"\"],\"size\":[\"10\"],\"page\":[\"1\"]}', 6, NULL, '2022-08-01 14:48:22', 'admin', '2022-08-01 14:48:22', 'admin', 0);
INSERT INTO `sys_log` VALUES (309087742451515392, 'SYS', '系统日志', '分页查询', 2, 292798030246051840, 1, '0:0:0:0:0:0:0:1', 'top.zsmile.modules.sys.controller.SysLogController.list', NULL, 'GET', '{\"id\":[\"\"],\"logModule\":[\"\"],\"logTitle\":[\"\"],\"logValue\":[\"\"],\"logType\":[\"\"],\"userId\":[\"\"],\"operateType\":[\"\"],\"ipAddress\":[\"\"],\"method\":[\"\"],\"requestUrl\":[\"\"],\"requestType\":[\"\"],\"requestParams\":[\"\"],\"costTime\":[\"\"],\"errMsg\":[\"\"],\"size\":[\"10\"],\"page\":[\"1\"]}', 7, NULL, '2022-08-01 14:48:49', 'admin', '2022-08-01 14:48:49', 'admin', 0);
INSERT INTO `sys_log` VALUES (309087969761820672, 'SYS', '系统日志', '分页查询', 2, 292798030246051840, 1, '0:0:0:0:0:0:0:1', 'top.zsmile.modules.sys.controller.SysLogController.list', NULL, 'GET', '{\"id\":[\"\"],\"logModule\":[\"\"],\"logTitle\":[\"\"],\"logValue\":[\"\"],\"logType\":[\"\"],\"userId\":[\"\"],\"operateType\":[\"\"],\"ipAddress\":[\"\"],\"method\":[\"\"],\"requestUrl\":[\"\"],\"requestType\":[\"\"],\"requestParams\":[\"\"],\"costTime\":[\"\"],\"errMsg\":[\"\"],\"size\":[\"10\"],\"page\":[\"1\"]}', 8, NULL, '2022-08-01 14:49:43', 'admin', '2022-08-01 14:49:43', 'admin', 0);
INSERT INTO `sys_log` VALUES (309088429667254272, 'SYS', '系统日志', '分页查询', 2, 292798030246051840, 1, '0:0:0:0:0:0:0:1', 'top.zsmile.modules.sys.controller.SysLogController.list', NULL, 'GET', '{\"id\":[\"\"],\"logModule\":[\"\"],\"logTitle\":[\"\"],\"logValue\":[\"\"],\"logType\":[\"\"],\"userId\":[\"\"],\"operateType\":[\"\"],\"ipAddress\":[\"\"],\"method\":[\"\"],\"requestUrl\":[\"\"],\"requestType\":[\"\"],\"requestParams\":[\"\"],\"costTime\":[\"\"],\"errMsg\":[\"\"],\"size\":[\"10\"],\"page\":[\"1\"]}', 10, NULL, '2022-08-01 14:51:33', 'admin', '2022-08-01 14:51:33', 'admin', 0);
INSERT INTO `sys_log` VALUES (309088454682083328, 'SYS', '系统日志', '分页查询', 2, 292798030246051840, 1, '0:0:0:0:0:0:0:1', 'top.zsmile.modules.sys.controller.SysLogController.list', NULL, 'GET', '{\"id\":[\"\"],\"logModule\":[\"\"],\"logTitle\":[\"\"],\"logValue\":[\"\"],\"logType\":[\"\"],\"userId\":[\"\"],\"operateType\":[\"\"],\"ipAddress\":[\"\"],\"method\":[\"\"],\"requestUrl\":[\"\"],\"requestType\":[\"\"],\"requestParams\":[\"\"],\"costTime\":[\"\"],\"errMsg\":[\"\"],\"size\":[\"10\"],\"page\":[\"1\"]}', 7, NULL, '2022-08-01 14:51:39', 'admin', '2022-08-01 14:51:39', 'admin', 0);
INSERT INTO `sys_log` VALUES (309088479633997824, 'SYS', '系统日志', '分页查询', 2, 292798030246051840, 1, '0:0:0:0:0:0:0:1', 'top.zsmile.modules.sys.controller.SysLogController.list', NULL, 'GET', '{\"id\":[\"\"],\"logModule\":[\"\"],\"logTitle\":[\"\"],\"logValue\":[\"\"],\"logType\":[\"\"],\"userId\":[\"\"],\"operateType\":[\"\"],\"ipAddress\":[\"\"],\"method\":[\"\"],\"requestUrl\":[\"\"],\"requestType\":[\"\"],\"requestParams\":[\"\"],\"costTime\":[\"\"],\"errMsg\":[\"\"],\"size\":[\"10\"],\"page\":[\"1\"]}', 9, NULL, '2022-08-01 14:51:45', 'admin', '2022-08-01 14:51:45', 'admin', 0);
INSERT INTO `sys_log` VALUES (309088507689697280, 'SYS', '系统日志', '分页查询', 2, 292798030246051840, 1, '0:0:0:0:0:0:0:1', 'top.zsmile.modules.sys.controller.SysLogController.list', NULL, 'GET', '{\"id\":[\"\"],\"logModule\":[\"\"],\"logTitle\":[\"\"],\"logValue\":[\"\"],\"logType\":[\"\"],\"userId\":[\"\"],\"operateType\":[\"\"],\"ipAddress\":[\"\"],\"method\":[\"\"],\"requestUrl\":[\"\"],\"requestType\":[\"\"],\"requestParams\":[\"\"],\"costTime\":[\"\"],\"errMsg\":[\"\"],\"size\":[\"10\"],\"page\":[\"1\"]}', 9, NULL, '2022-08-01 14:51:52', 'admin', '2022-08-01 14:51:52', 'admin', 0);
INSERT INTO `sys_log` VALUES (309088526526316544, 'SYS', '系统日志', '分页查询', 2, 292798030246051840, 1, '0:0:0:0:0:0:0:1', 'top.zsmile.modules.sys.controller.SysLogController.list', NULL, 'GET', '{\"id\":[\"\"],\"logModule\":[\"\"],\"logTitle\":[\"\"],\"logValue\":[\"\"],\"logType\":[\"\"],\"userId\":[\"\"],\"operateType\":[\"3\"],\"ipAddress\":[\"\"],\"method\":[\"\"],\"requestUrl\":[\"\"],\"requestType\":[\"\"],\"requestParams\":[\"\"],\"costTime\":[\"\"],\"errMsg\":[\"\"],\"size\":[\"10\"],\"page\":[\"1\"]}', 5, NULL, '2022-08-01 14:51:56', 'admin', '2022-08-01 14:51:56', 'admin', 0);
INSERT INTO `sys_log` VALUES (309088530846449664, 'SYS', '系统日志', '分页查询', 2, 292798030246051840, 1, '0:0:0:0:0:0:0:1', 'top.zsmile.modules.sys.controller.SysLogController.list', NULL, 'GET', '{\"id\":[\"\"],\"logModule\":[\"\"],\"logTitle\":[\"\"],\"logValue\":[\"\"],\"logType\":[\"\"],\"userId\":[\"\"],\"operateType\":[\"\"],\"ipAddress\":[\"\"],\"method\":[\"\"],\"requestUrl\":[\"\"],\"requestType\":[\"\"],\"requestParams\":[\"\"],\"costTime\":[\"\"],\"errMsg\":[\"\"],\"size\":[\"10\"],\"page\":[\"1\"]}', 6, NULL, '2022-08-01 14:51:57', 'admin', '2022-08-01 14:51:57', 'admin', 0);
INSERT INTO `sys_log` VALUES (309088697351929856, 'SYS', '系统日志', '分页查询', 2, 292798030246051840, 1, '0:0:0:0:0:0:0:1', 'top.zsmile.modules.sys.controller.SysLogController.list', NULL, 'GET', '{\"id\":[\"\"],\"logModule\":[\"\"],\"logTitle\":[\"\"],\"logValue\":[\"\"],\"logType\":[\"\"],\"userId\":[\"\"],\"operateType\":[\"3\"],\"ipAddress\":[\"\"],\"method\":[\"\"],\"requestUrl\":[\"\"],\"requestType\":[\"\"],\"requestParams\":[\"\"],\"costTime\":[\"\"],\"errMsg\":[\"\"],\"size\":[\"10\"],\"page\":[\"1\"]}', 6, NULL, '2022-08-01 14:52:37', 'admin', '2022-08-01 14:52:37', 'admin', 0);
INSERT INTO `sys_log` VALUES (309088781774880768, 'SYS', '系统日志', '分页查询', 2, 292798030246051840, 1, '0:0:0:0:0:0:0:1', 'top.zsmile.modules.sys.controller.SysLogController.list', NULL, 'GET', '{\"id\":[\"\"],\"logModule\":[\"\"],\"logTitle\":[\"\"],\"logValue\":[\"\"],\"logType\":[\"\"],\"userId\":[\"\"],\"operateType\":[\"2\"],\"ipAddress\":[\"\"],\"method\":[\"\"],\"requestUrl\":[\"\"],\"requestType\":[\"\"],\"requestParams\":[\"\"],\"costTime\":[\"\"],\"errMsg\":[\"\"],\"size\":[\"10\"],\"page\":[\"1\"]}', 6, NULL, '2022-08-01 14:52:57', 'admin', '2022-08-01 14:52:57', 'admin', 0);
INSERT INTO `sys_log` VALUES (309088792742985728, 'SYS', '系统日志', '分页查询', 2, 292798030246051840, 1, '0:0:0:0:0:0:0:1', 'top.zsmile.modules.sys.controller.SysLogController.list', NULL, 'GET', '{\"id\":[\"\"],\"logModule\":[\"\"],\"logTitle\":[\"\"],\"logValue\":[\"\"],\"logType\":[\"\"],\"userId\":[\"\"],\"operateType\":[\"3\"],\"ipAddress\":[\"\"],\"method\":[\"\"],\"requestUrl\":[\"\"],\"requestType\":[\"\"],\"requestParams\":[\"\"],\"costTime\":[\"\"],\"errMsg\":[\"\"],\"size\":[\"10\"],\"page\":[\"1\"]}', 6, NULL, '2022-08-01 14:53:00', 'admin', '2022-08-01 14:53:00', 'admin', 0);
INSERT INTO `sys_log` VALUES (309088806525468672, 'SYS', '系统日志', '分页查询', 2, 292798030246051840, 1, '0:0:0:0:0:0:0:1', 'top.zsmile.modules.sys.controller.SysLogController.list', NULL, 'GET', '{\"id\":[\"\"],\"logModule\":[\"\"],\"logTitle\":[\"\"],\"logValue\":[\"\"],\"logType\":[\"\"],\"userId\":[\"\"],\"operateType\":[\"1\"],\"ipAddress\":[\"\"],\"method\":[\"\"],\"requestUrl\":[\"\"],\"requestType\":[\"\"],\"requestParams\":[\"\"],\"costTime\":[\"\"],\"errMsg\":[\"\"],\"size\":[\"10\"],\"page\":[\"1\"]}', 8, NULL, '2022-08-01 14:53:03', 'admin', '2022-08-01 14:53:03', 'admin', 0);
INSERT INTO `sys_log` VALUES (309089013803778048, 'SYS', '系统日志', '分页查询', 2, 292798030246051840, 1, '0:0:0:0:0:0:0:1', 'top.zsmile.modules.sys.controller.SysLogController.list', NULL, 'GET', '{\"id\":[\"\"],\"logModule\":[\"\"],\"logTitle\":[\"\"],\"logValue\":[\"\"],\"logType\":[\"\"],\"userId\":[\"\"],\"operateType\":[\"\"],\"ipAddress\":[\"\"],\"method\":[\"\"],\"requestUrl\":[\"\"],\"requestType\":[\"\"],\"requestParams\":[\"\"],\"costTime\":[\"\"],\"errMsg\":[\"\"],\"size\":[\"10\"],\"page\":[\"1\"]}', 8, NULL, '2022-08-01 14:53:52', 'admin', '2022-08-01 14:53:52', 'admin', 0);
INSERT INTO `sys_log` VALUES (309089024675414016, 'SYS', '系统日志', '分页查询', 2, 292798030246051840, 1, '0:0:0:0:0:0:0:1', 'top.zsmile.modules.sys.controller.SysLogController.list', NULL, 'GET', '{\"id\":[\"\"],\"logModule\":[\"\"],\"logTitle\":[\"\"],\"logValue\":[\"\"],\"logType\":[\"\"],\"userId\":[\"\"],\"operateType\":[\"1\"],\"ipAddress\":[\"\"],\"method\":[\"\"],\"requestUrl\":[\"\"],\"requestType\":[\"\"],\"requestParams\":[\"\"],\"costTime\":[\"\"],\"errMsg\":[\"\"],\"size\":[\"10\"],\"page\":[\"1\"]}', 6, NULL, '2022-08-01 14:53:55', 'admin', '2022-08-01 14:53:55', 'admin', 0);
INSERT INTO `sys_log` VALUES (309089050814316544, 'SYS', '系统日志', '分页查询', 2, 292798030246051840, 1, '0:0:0:0:0:0:0:1', 'top.zsmile.modules.sys.controller.SysLogController.list', NULL, 'GET', '{\"id\":[\"\"],\"logModule\":[\"\"],\"logTitle\":[\"\"],\"logValue\":[\"\"],\"logType\":[\"\"],\"userId\":[\"\"],\"operateType\":[\"\"],\"ipAddress\":[\"\"],\"method\":[\"\"],\"requestUrl\":[\"\"],\"requestType\":[\"\"],\"requestParams\":[\"\"],\"costTime\":[\"\"],\"errMsg\":[\"\"],\"size\":[\"10\"],\"page\":[\"1\"]}', 5, NULL, '2022-08-01 14:54:01', 'admin', '2022-08-01 14:54:01', 'admin', 0);
INSERT INTO `sys_log` VALUES (309089054668881920, 'SYS', '系统日志', '分页查询', 2, 292798030246051840, 1, '0:0:0:0:0:0:0:1', 'top.zsmile.modules.sys.controller.SysLogController.list', NULL, 'GET', '{\"id\":[\"\"],\"logModule\":[\"\"],\"logTitle\":[\"\"],\"logValue\":[\"\"],\"logType\":[\"\"],\"userId\":[\"\"],\"operateType\":[\"\"],\"ipAddress\":[\"\"],\"method\":[\"\"],\"requestUrl\":[\"\"],\"requestType\":[\"\"],\"requestParams\":[\"\"],\"costTime\":[\"\"],\"errMsg\":[\"\"],\"size\":[\"10\"],\"page\":[\"1\"]}', 6, NULL, '2022-08-01 14:54:02', 'admin', '2022-08-01 14:54:02', 'admin', 0);
INSERT INTO `sys_log` VALUES (309089089636794368, 'SYS', '系统日志', '分页查询', 2, 292798030246051840, 1, '0:0:0:0:0:0:0:1', 'top.zsmile.modules.sys.controller.SysLogController.list', NULL, 'GET', '{\"id\":[\"\"],\"logModule\":[\"\"],\"logTitle\":[\"\"],\"logValue\":[\"\"],\"logType\":[\"\"],\"userId\":[\"\"],\"operateType\":[\"3\"],\"ipAddress\":[\"\"],\"method\":[\"\"],\"requestUrl\":[\"\"],\"requestType\":[\"\"],\"requestParams\":[\"\"],\"costTime\":[\"\"],\"errMsg\":[\"\"],\"size\":[\"10\"],\"page\":[\"1\"]}', 7, NULL, '2022-08-01 14:54:10', 'admin', '2022-08-01 14:54:10', 'admin', 0);
INSERT INTO `sys_log` VALUES (309089102857240576, 'SYS', '系统日志', '分页查询', 2, 292798030246051840, 1, '0:0:0:0:0:0:0:1', 'top.zsmile.modules.sys.controller.SysLogController.list', NULL, 'GET', '{\"id\":[\"\"],\"logModule\":[\"\"],\"logTitle\":[\"\"],\"logValue\":[\"\"],\"logType\":[\"\"],\"userId\":[\"\"],\"operateType\":[\"2\"],\"ipAddress\":[\"\"],\"method\":[\"\"],\"requestUrl\":[\"\"],\"requestType\":[\"\"],\"requestParams\":[\"\"],\"costTime\":[\"\"],\"errMsg\":[\"\"],\"size\":[\"10\"],\"page\":[\"1\"]}', 7, NULL, '2022-08-01 14:54:14', 'admin', '2022-08-01 14:54:14', 'admin', 0);
INSERT INTO `sys_log` VALUES (309089113028427776, 'SYS', '系统日志', '分页查询', 2, 292798030246051840, 1, '0:0:0:0:0:0:0:1', 'top.zsmile.modules.sys.controller.SysLogController.list', NULL, 'GET', '{\"id\":[\"\"],\"logModule\":[\"\"],\"logTitle\":[\"\"],\"logValue\":[\"\"],\"logType\":[\"\"],\"userId\":[\"\"],\"operateType\":[\"3\"],\"ipAddress\":[\"\"],\"method\":[\"\"],\"requestUrl\":[\"\"],\"requestType\":[\"\"],\"requestParams\":[\"\"],\"costTime\":[\"\"],\"errMsg\":[\"\"],\"size\":[\"10\"],\"page\":[\"1\"]}', 6, NULL, '2022-08-01 14:54:16', 'admin', '2022-08-01 14:54:16', 'admin', 0);
INSERT INTO `sys_log` VALUES (309089939276955648, 'SYS', '系统日志', '分页查询', 2, 292798030246051840, 1, '0:0:0:0:0:0:0:1', 'top.zsmile.modules.sys.controller.SysLogController.list', NULL, 'GET', '{\"id\":[\"\"],\"logModule\":[\"\"],\"logTitle\":[\"\"],\"logValue\":[\"\"],\"logType\":[\"\"],\"userId\":[\"\"],\"operateType\":[\"1\"],\"ipAddress\":[\"\"],\"method\":[\"\"],\"requestUrl\":[\"\"],\"requestType\":[\"\"],\"requestParams\":[\"\"],\"costTime\":[\"\"],\"errMsg\":[\"\"],\"size\":[\"10\"],\"page\":[\"1\"]}', 5, NULL, '2022-08-01 14:57:33', 'admin', '2022-08-01 14:57:33', 'admin', 0);
INSERT INTO `sys_log` VALUES (309089947720089600, 'SYS', '系统日志', '分页查询', 2, 292798030246051840, 1, '0:0:0:0:0:0:0:1', 'top.zsmile.modules.sys.controller.SysLogController.list', NULL, 'GET', '{\"id\":[\"\"],\"logModule\":[\"\"],\"logTitle\":[\"\"],\"logValue\":[\"\"],\"logType\":[\"\"],\"userId\":[\"\"],\"operateType\":[\"3\"],\"ipAddress\":[\"\"],\"method\":[\"\"],\"requestUrl\":[\"\"],\"requestType\":[\"\"],\"requestParams\":[\"\"],\"costTime\":[\"\"],\"errMsg\":[\"\"],\"size\":[\"10\"],\"page\":[\"1\"]}', 6, NULL, '2022-08-01 14:57:35', 'admin', '2022-08-01 14:57:35', 'admin', 0);
INSERT INTO `sys_log` VALUES (309089967819194368, 'SYS', '系统日志', '分页查询', 2, 292798030246051840, 1, '0:0:0:0:0:0:0:1', 'top.zsmile.modules.sys.controller.SysLogController.list', NULL, 'GET', '{\"id\":[\"\"],\"logModule\":[\"\"],\"logTitle\":[\"\"],\"logValue\":[\"\"],\"logType\":[\"\"],\"userId\":[\"\"],\"operateType\":[\"1\"],\"ipAddress\":[\"\"],\"method\":[\"\"],\"requestUrl\":[\"\"],\"requestType\":[\"\"],\"requestParams\":[\"\"],\"costTime\":[\"\"],\"errMsg\":[\"\"],\"size\":[\"10\"],\"page\":[\"1\"]}', 6, NULL, '2022-08-01 14:57:40', 'admin', '2022-08-01 14:57:40', 'admin', 0);
INSERT INTO `sys_log` VALUES (309089969496915968, 'SYS', '系统日志', '分页查询', 2, 292798030246051840, 1, '0:0:0:0:0:0:0:1', 'top.zsmile.modules.sys.controller.SysLogController.list', NULL, 'GET', '{\"id\":[\"\"],\"logModule\":[\"\"],\"logTitle\":[\"\"],\"logValue\":[\"\"],\"logType\":[\"\"],\"userId\":[\"\"],\"operateType\":[\"1\"],\"ipAddress\":[\"\"],\"method\":[\"\"],\"requestUrl\":[\"\"],\"requestType\":[\"\"],\"requestParams\":[\"\"],\"costTime\":[\"\"],\"errMsg\":[\"\"],\"size\":[\"10\"],\"page\":[\"1\"]}', 6, NULL, '2022-08-01 14:57:40', 'admin', '2022-08-01 14:57:40', 'admin', 0);
INSERT INTO `sys_log` VALUES (309089972474871808, 'SYS', '系统日志', '分页查询', 2, 292798030246051840, 1, '0:0:0:0:0:0:0:1', 'top.zsmile.modules.sys.controller.SysLogController.list', NULL, 'GET', '{\"id\":[\"\"],\"logModule\":[\"\"],\"logTitle\":[\"\"],\"logValue\":[\"\"],\"logType\":[\"\"],\"userId\":[\"\"],\"operateType\":[\"\"],\"ipAddress\":[\"\"],\"method\":[\"\"],\"requestUrl\":[\"\"],\"requestType\":[\"\"],\"requestParams\":[\"\"],\"costTime\":[\"\"],\"errMsg\":[\"\"],\"size\":[\"10\"],\"page\":[\"1\"]}', 6, NULL, '2022-08-01 14:57:41', 'admin', '2022-08-01 14:57:41', 'admin', 0);
INSERT INTO `sys_log` VALUES (309089985615626240, 'SYS', '系统日志', '分页查询', 2, 292798030246051840, 1, '0:0:0:0:0:0:0:1', 'top.zsmile.modules.sys.controller.SysLogController.list', NULL, 'GET', '{\"id\":[\"\"],\"logModule\":[\"\"],\"logTitle\":[\"\"],\"logValue\":[\"\"],\"logType\":[\"\"],\"userId\":[\"\"],\"operateType\":[\"\"],\"ipAddress\":[\"\"],\"method\":[\"\"],\"requestUrl\":[\"\"],\"requestType\":[\"\"],\"requestParams\":[\"\"],\"costTime\":[\"\"],\"errMsg\":[\"\"],\"size\":[\"10\"],\"page\":[\"1\"]}', 8, NULL, '2022-08-01 14:57:44', 'admin', '2022-08-01 14:57:44', 'admin', 0);
INSERT INTO `sys_log` VALUES (309090003894403072, 'SYS', '系统日志', '分页查询', 2, 292798030246051840, 1, '0:0:0:0:0:0:0:1', 'top.zsmile.modules.sys.controller.SysLogController.list', NULL, 'GET', '{\"id\":[\"\"],\"logModule\":[\"\"],\"logTitle\":[\"\"],\"logValue\":[\"\"],\"logType\":[\"\"],\"userId\":[\"\"],\"operateType\":[\"3\"],\"ipAddress\":[\"\"],\"method\":[\"\"],\"requestUrl\":[\"\"],\"requestType\":[\"\"],\"requestParams\":[\"\"],\"costTime\":[\"\"],\"errMsg\":[\"\"],\"size\":[\"10\"],\"page\":[\"1\"]}', 7, NULL, '2022-08-01 14:57:48', 'admin', '2022-08-01 14:57:48', 'admin', 0);
INSERT INTO `sys_log` VALUES (309090320467886080, 'SYS', '系统日志', '分页查询', 2, 292798030246051840, 1, '0:0:0:0:0:0:0:1', 'top.zsmile.modules.sys.controller.SysLogController.list', NULL, 'GET', '{\"id\":[\"\"],\"logModule\":[\"\"],\"logTitle\":[\"\"],\"logValue\":[\"\"],\"logType\":[\"\"],\"userId\":[\"\"],\"operateType\":[\"\"],\"ipAddress\":[\"\"],\"method\":[\"\"],\"requestUrl\":[\"\"],\"requestType\":[\"\"],\"requestParams\":[\"\"],\"costTime\":[\"\"],\"errMsg\":[\"\"],\"size\":[\"10\"],\"page\":[\"1\"]}', 7, NULL, '2022-08-01 14:59:04', 'admin', '2022-08-01 14:59:04', 'admin', 0);
INSERT INTO `sys_log` VALUES (309090366764613632, 'SYS', '系统日志', '分页查询', 2, 292798030246051840, 1, '0:0:0:0:0:0:0:1', 'top.zsmile.modules.sys.controller.SysLogController.list', NULL, 'GET', '{\"id\":[\"\"],\"logModule\":[\"\"],\"logTitle\":[\"\"],\"logValue\":[\"\"],\"logType\":[\"\"],\"userId\":[\"\"],\"operateType\":[\"\"],\"ipAddress\":[\"\"],\"method\":[\"\"],\"requestUrl\":[\"\"],\"requestType\":[\"\"],\"requestParams\":[\"\"],\"costTime\":[\"\"],\"errMsg\":[\"\"],\"size\":[\"10\"],\"page\":[\"1\"]}', 9, NULL, '2022-08-01 14:59:15', 'admin', '2022-08-01 14:59:15', 'admin', 0);
INSERT INTO `sys_log` VALUES (309090385248911360, 'SYS', '系统日志', '分页查询', 2, 292798030246051840, 1, '0:0:0:0:0:0:0:1', 'top.zsmile.modules.sys.controller.SysLogController.list', NULL, 'GET', '{\"id\":[\"\"],\"logModule\":[\"\"],\"logTitle\":[\"\"],\"logValue\":[\"\"],\"logType\":[\"\"],\"userId\":[\"\"],\"operateType\":[\"3\"],\"ipAddress\":[\"\"],\"method\":[\"\"],\"requestUrl\":[\"\"],\"requestType\":[\"\"],\"requestParams\":[\"\"],\"costTime\":[\"\"],\"errMsg\":[\"\"],\"size\":[\"10\"],\"page\":[\"1\"]}', 8, NULL, '2022-08-01 14:59:19', 'admin', '2022-08-01 14:59:19', 'admin', 0);
INSERT INTO `sys_log` VALUES (309090762006462464, 'SYS', '系统日志', '分页查询', 2, 292798030246051840, 1, '0:0:0:0:0:0:0:1', 'top.zsmile.modules.sys.controller.SysLogController.list', NULL, 'GET', '{\"id\":[\"\"],\"logModule\":[\"\"],\"logTitle\":[\"\"],\"logValue\":[\"\"],\"logType\":[\"\"],\"userId\":[\"\"],\"operateType\":[\"\"],\"ipAddress\":[\"\"],\"method\":[\"\"],\"requestUrl\":[\"\"],\"requestType\":[\"\"],\"requestParams\":[\"\"],\"costTime\":[\"\"],\"errMsg\":[\"\"],\"size\":[\"10\"],\"page\":[\"1\"]}', 9, NULL, '2022-08-01 15:00:49', 'admin', '2022-08-01 15:00:49', 'admin', 0);
INSERT INTO `sys_log` VALUES (309091568369795072, 'SYS', '系统日志', '分页查询', 2, 292798030246051840, 1, '0:0:0:0:0:0:0:1', 'top.zsmile.modules.sys.controller.SysLogController.list', NULL, 'GET', '{\"id\":[\"\"],\"logModule\":[\"\"],\"logTitle\":[\"\"],\"logValue\":[\"\"],\"logType\":[\"\"],\"userId\":[\"\"],\"operateType\":[\"\"],\"ipAddress\":[\"\"],\"method\":[\"\"],\"requestUrl\":[\"\"],\"requestType\":[\"\"],\"requestParams\":[\"\"],\"costTime\":[\"\"],\"errMsg\":[\"\"],\"size\":[\"10\"],\"page\":[\"1\"]}', 9, NULL, '2022-08-01 15:04:01', 'admin', '2022-08-01 15:04:01', 'admin', 0);
INSERT INTO `sys_log` VALUES (309091704340742144, 'SYS', '系统日志', '分页查询', 2, 292798030246051840, 1, '0:0:0:0:0:0:0:1', 'top.zsmile.modules.sys.controller.SysLogController.list', NULL, 'GET', '{\"id\":[\"\"],\"logModule\":[\"\"],\"logTitle\":[\"\"],\"logValue\":[\"\"],\"logType\":[\"\"],\"userId\":[\"\"],\"operateType\":[\"\"],\"ipAddress\":[\"\"],\"method\":[\"\"],\"requestUrl\":[\"\"],\"requestType\":[\"\"],\"requestParams\":[\"\"],\"costTime\":[\"\"],\"errMsg\":[\"\"],\"size\":[\"10\"],\"page\":[\"1\"]}', 7, NULL, '2022-08-01 15:04:34', 'admin', '2022-08-01 15:04:34', 'admin', 0);
INSERT INTO `sys_log` VALUES (309091731918290944, 'SYS', '系统日志', '分页查询', 2, 292798030246051840, 1, '0:0:0:0:0:0:0:1', 'top.zsmile.modules.sys.controller.SysLogController.list', NULL, 'GET', '{\"id\":[\"\"],\"logModule\":[\"\"],\"logTitle\":[\"\"],\"logValue\":[\"\"],\"logType\":[\"\"],\"userId\":[\"\"],\"operateType\":[\"\"],\"ipAddress\":[\"\"],\"method\":[\"\"],\"requestUrl\":[\"\"],\"requestType\":[\"\"],\"requestParams\":[\"\"],\"costTime\":[\"\"],\"errMsg\":[\"\"],\"size\":[\"10\"],\"page\":[\"1\"]}', 9, NULL, '2022-08-01 15:04:40', 'admin', '2022-08-01 15:04:40', 'admin', 0);
INSERT INTO `sys_log` VALUES (309091741405806592, 'SYS', '系统日志', '分页查询', 2, 292798030246051840, 1, '0:0:0:0:0:0:0:1', 'top.zsmile.modules.sys.controller.SysLogController.list', NULL, 'GET', '{\"id\":[\"\"],\"logModule\":[\"\"],\"logTitle\":[\"\"],\"logValue\":[\"\"],\"logType\":[\"\"],\"userId\":[\"\"],\"operateType\":[\"3\"],\"ipAddress\":[\"\"],\"method\":[\"\"],\"requestUrl\":[\"\"],\"requestType\":[\"\"],\"requestParams\":[\"\"],\"costTime\":[\"\"],\"errMsg\":[\"\"],\"size\":[\"10\"],\"page\":[\"1\"]}', 6, NULL, '2022-08-01 15:04:43', 'admin', '2022-08-01 15:04:43', 'admin', 0);
INSERT INTO `sys_log` VALUES (309091745021296640, 'SYS', '系统日志', '分页查询', 2, 292798030246051840, 1, '0:0:0:0:0:0:0:1', 'top.zsmile.modules.sys.controller.SysLogController.list', NULL, 'GET', '{\"id\":[\"\"],\"logModule\":[\"\"],\"logTitle\":[\"\"],\"logValue\":[\"\"],\"logType\":[\"\"],\"userId\":[\"\"],\"operateType\":[\"\"],\"ipAddress\":[\"\"],\"method\":[\"\"],\"requestUrl\":[\"\"],\"requestType\":[\"\"],\"requestParams\":[\"\"],\"costTime\":[\"\"],\"errMsg\":[\"\"],\"size\":[\"10\"],\"page\":[\"1\"]}', 6, NULL, '2022-08-01 15:04:44', 'admin', '2022-08-01 15:04:44', 'admin', 0);
INSERT INTO `sys_log` VALUES (309091996243329024, 'SYS', '系统日志', '分页查询', 2, 292798030246051840, 1, '0:0:0:0:0:0:0:1', 'top.zsmile.modules.sys.controller.SysLogController.list', NULL, 'GET', '{\"id\":[\"\"],\"logModule\":[\"\"],\"logTitle\":[\"\"],\"logValue\":[\"\"],\"logType\":[\"\"],\"userId\":[\"\"],\"operateType\":[\"\"],\"ipAddress\":[\"\"],\"method\":[\"\"],\"requestUrl\":[\"\"],\"requestType\":[\"\"],\"requestParams\":[\"\"],\"costTime\":[\"\"],\"errMsg\":[\"\"],\"size\":[\"10\"],\"page\":[\"1\"]}', 13, NULL, '2022-08-01 15:05:43', 'admin', '2022-08-01 15:05:43', 'admin', 0);
INSERT INTO `sys_log` VALUES (309092223226478592, 'SYS', '系统日志', '分页查询', 2, 292798030246051840, 1, '0:0:0:0:0:0:0:1', 'top.zsmile.modules.sys.controller.SysLogController.list', NULL, 'GET', '{\"id\":[\"\"],\"logModule\":[\"\"],\"logTitle\":[\"\"],\"logValue\":[\"\"],\"logType\":[\"\"],\"userId\":[\"\"],\"operateType\":[\"\"],\"ipAddress\":[\"\"],\"method\":[\"\"],\"requestUrl\":[\"\"],\"requestType\":[\"\"],\"requestParams\":[\"\"],\"costTime\":[\"\"],\"errMsg\":[\"\"],\"size\":[\"10\"],\"page\":[\"1\"]}', 8, NULL, '2022-08-01 15:06:38', 'admin', '2022-08-01 15:06:38', 'admin', 0);
INSERT INTO `sys_log` VALUES (309092266041933824, 'SYS', '系统日志', '分页查询', 2, 292798030246051840, 1, '0:0:0:0:0:0:0:1', 'top.zsmile.modules.sys.controller.SysLogController.list', NULL, 'GET', '{\"id\":[\"\"],\"logModule\":[\"\"],\"logTitle\":[\"\"],\"logValue\":[\"\"],\"logType\":[\"\"],\"userId\":[\"\"],\"operateType\":[\"\"],\"ipAddress\":[\"\"],\"method\":[\"\"],\"requestUrl\":[\"\"],\"requestType\":[\"\"],\"requestParams\":[\"\"],\"costTime\":[\"\"],\"errMsg\":[\"\"],\"size\":[\"10\"],\"page\":[\"1\"]}', 11, NULL, '2022-08-01 15:06:48', 'admin', '2022-08-01 15:06:48', 'admin', 0);
INSERT INTO `sys_log` VALUES (309092282877870080, 'SYS', '系统日志', '分页查询', 2, 292798030246051840, 1, '0:0:0:0:0:0:0:1', 'top.zsmile.modules.sys.controller.SysLogController.list', NULL, 'GET', '{\"id\":[\"\"],\"logModule\":[\"\"],\"logTitle\":[\"\"],\"logValue\":[\"\"],\"logType\":[\"\"],\"userId\":[\"\"],\"operateType\":[\"3\"],\"ipAddress\":[\"\"],\"method\":[\"\"],\"requestUrl\":[\"\"],\"requestType\":[\"\"],\"requestParams\":[\"\"],\"costTime\":[\"\"],\"errMsg\":[\"\"],\"size\":[\"10\"],\"page\":[\"1\"]}', 6, NULL, '2022-08-01 15:06:52', 'admin', '2022-08-01 15:06:52', 'admin', 0);
INSERT INTO `sys_log` VALUES (309092374439526400, 'SYS', '系统日志', '分页查询', 2, 292798030246051840, 1, '0:0:0:0:0:0:0:1', 'top.zsmile.modules.sys.controller.SysLogController.list', NULL, 'GET', '{\"id\":[\"\"],\"logModule\":[\"\"],\"logTitle\":[\"\"],\"logValue\":[\"\"],\"logType\":[\"\"],\"userId\":[\"\"],\"operateType\":[\"\"],\"ipAddress\":[\"\"],\"method\":[\"\"],\"requestUrl\":[\"\"],\"requestType\":[\"\"],\"requestParams\":[\"\"],\"costTime\":[\"\"],\"errMsg\":[\"\"],\"size\":[\"10\"],\"page\":[\"1\"]}', 8, NULL, '2022-08-01 15:07:14', 'admin', '2022-08-01 15:07:14', 'admin', 0);
INSERT INTO `sys_log` VALUES (309092386259075072, 'SYS', '系统日志', '分页查询', 2, 292798030246051840, 1, '0:0:0:0:0:0:0:1', 'top.zsmile.modules.sys.controller.SysLogController.list', NULL, 'GET', '{\"id\":[\"\"],\"logModule\":[\"\"],\"logTitle\":[\"\"],\"logValue\":[\"\"],\"logType\":[\"\"],\"userId\":[\"\"],\"operateType\":[\"3\"],\"ipAddress\":[\"\"],\"method\":[\"\"],\"requestUrl\":[\"\"],\"requestType\":[\"\"],\"requestParams\":[\"\"],\"costTime\":[\"\"],\"errMsg\":[\"\"],\"size\":[\"10\"],\"page\":[\"1\"]}', 7, NULL, '2022-08-01 15:07:16', 'admin', '2022-08-01 15:07:16', 'admin', 0);
INSERT INTO `sys_log` VALUES (309092743802519552, 'SYS', '系统日志', '分页查询', 2, 292798030246051840, 1, '0:0:0:0:0:0:0:1', 'top.zsmile.modules.sys.controller.SysLogController.list', NULL, 'GET', '{\"id\":[\"\"],\"logModule\":[\"\"],\"logTitle\":[\"\"],\"logValue\":[\"\"],\"logType\":[\"\"],\"userId\":[\"\"],\"operateType\":[\"\"],\"ipAddress\":[\"\"],\"method\":[\"\"],\"requestUrl\":[\"\"],\"requestType\":[\"\"],\"requestParams\":[\"\"],\"costTime\":[\"\"],\"errMsg\":[\"\"],\"size\":[\"10\"],\"page\":[\"1\"]}', 11, NULL, '2022-08-01 15:08:42', 'admin', '2022-08-01 15:08:42', 'admin', 0);
INSERT INTO `sys_log` VALUES (309092785124802560, 'SYS', '系统日志', '分页查询', 2, 292798030246051840, 1, '0:0:0:0:0:0:0:1', 'top.zsmile.modules.sys.controller.SysLogController.list', NULL, 'GET', '{\"id\":[\"\"],\"logModule\":[\"\"],\"logTitle\":[\"\"],\"logValue\":[\"\"],\"logType\":[\"\"],\"userId\":[\"\"],\"operateType\":[\"3\"],\"ipAddress\":[\"\"],\"method\":[\"\"],\"requestUrl\":[\"\"],\"requestType\":[\"\"],\"requestParams\":[\"\"],\"costTime\":[\"\"],\"errMsg\":[\"\"],\"size\":[\"10\"],\"page\":[\"1\"]}', 8, NULL, '2022-08-01 15:08:52', 'admin', '2022-08-01 15:08:52', 'admin', 0);
INSERT INTO `sys_log` VALUES (309093833147154432, 'SYS', '系统日志', '分页查询', 2, 292798030246051840, 1, '0:0:0:0:0:0:0:1', 'top.zsmile.modules.sys.controller.SysLogController.list', NULL, 'GET', '{\"id\":[\"\"],\"logModule\":[\"\"],\"logTitle\":[\"\"],\"logValue\":[\"\"],\"logType\":[\"\"],\"userId\":[\"\"],\"operateType\":[\"\"],\"ipAddress\":[\"\"],\"method\":[\"\"],\"requestUrl\":[\"\"],\"requestType\":[\"\"],\"requestParams\":[\"\"],\"costTime\":[\"\"],\"errMsg\":[\"\"],\"size\":[\"10\"],\"page\":[\"1\"]}', 9, NULL, '2022-08-01 15:13:01', 'admin', '2022-08-01 15:13:01', 'admin', 0);
INSERT INTO `sys_log` VALUES (309098548123664384, 'SYS', '多租户管理', '分页查询', 2, 292798030246051840, 1, '0:0:0:0:0:0:0:1', 'top.zsmile.modules.sys.controller.SysTenantController.list', NULL, 'GET', '{\"id\":[\"\"],\"tenantName\":[\"\"],\"size\":[\"10\"],\"page\":[\"1\"]}', 21, NULL, '2022-08-01 15:31:46', 'admin', '2022-08-01 15:31:46', 'admin', 0);
INSERT INTO `sys_log` VALUES (309102042566098944, 'SYS', '系统配置', '分页查询', 2, 292798030246051840, 1, '0:0:0:0:0:0:0:1', 'top.zsmile.modules.sys.controller.SysConfigController.list', NULL, 'GET', '{\"id\":[\"\"],\"configName\":[\"\"],\"configKey\":[\"\"],\"configType\":[\"\"],\"configValue\":[\"\"],\"enableFlag\":[\"\"],\"size\":[\"10\"],\"page\":[\"1\"]}', 17, NULL, '2022-08-01 15:45:39', 'admin', '2022-08-01 15:45:39', 'admin', 0);
INSERT INTO `sys_log` VALUES (309102048115163136, 'SYS', '系统角色菜单', '分页查询', 2, 292798030246051840, 1, '0:0:0:0:0:0:0:1', 'top.zsmile.modules.sys.controller.SysRoleMenuController.list', NULL, 'GET', '{\"id\":[\"\"],\"roleId\":[\"\"],\"menuId\":[\"\"],\"size\":[\"10\"],\"page\":[\"1\"]}', 14, NULL, '2022-08-01 15:45:40', 'admin', '2022-08-01 15:45:40', 'admin', 0);
INSERT INTO `sys_log` VALUES (309102063327903744, 'SYS', '角色管理', '分页查询', 2, 292798030246051840, 1, '0:0:0:0:0:0:0:1', 'top.zsmile.modules.sys.controller.SysRoleController.list', NULL, 'GET', '{\"id\":[\"\"],\"tenantId\":[\"\"],\"roleName\":[\"\"],\"size\":[\"10\"],\"page\":[\"1\"]}', 18, NULL, '2022-08-01 15:45:44', 'admin', '2022-08-01 15:45:44', 'admin', 0);
INSERT INTO `sys_log` VALUES (309102290562711552, 'SYS', '角色管理', '分页查询', 2, 292798030246051840, 1, '0:0:0:0:0:0:0:1', 'top.zsmile.modules.sys.controller.SysRoleController.list', NULL, 'GET', '{\"id\":[\"\"],\"tenantId\":[\"\"],\"roleName\":[\"\"],\"size\":[\"10\"],\"page\":[\"1\"]}', 7, NULL, '2022-08-01 15:46:38', 'admin', '2022-08-01 15:46:38', 'admin', 0);
INSERT INTO `sys_log` VALUES (309102394833108992, 'SYS', '角色管理', '分页查询', 2, 292798030246051840, 1, '0:0:0:0:0:0:0:1', 'top.zsmile.modules.sys.controller.SysRoleController.list', NULL, 'GET', '{\"id\":[\"\"],\"tenantId\":[\"\"],\"roleName\":[\"\"],\"size\":[\"10\"],\"page\":[\"1\"]}', 7, NULL, '2022-08-01 15:47:03', 'admin', '2022-08-01 15:47:03', 'admin', 0);
INSERT INTO `sys_log` VALUES (309102516505673728, 'SYS', '角色管理', '分页查询', 2, 292798030246051840, 1, '0:0:0:0:0:0:0:1', 'top.zsmile.modules.sys.controller.SysRoleController.list', NULL, 'GET', '{\"id\":[\"\"],\"tenantId\":[\"\"],\"roleName\":[\"\"],\"size\":[\"10\"],\"page\":[\"1\"]}', 8, NULL, '2022-08-01 15:47:32', 'admin', '2022-08-01 15:47:32', 'admin', 0);
INSERT INTO `sys_log` VALUES (309102574307377152, 'SYS', '角色管理', '分页查询', 2, 292798030246051840, 1, '0:0:0:0:0:0:0:1', 'top.zsmile.modules.sys.controller.SysRoleController.list', NULL, 'GET', '{\"id\":[\"\"],\"tenantId\":[\"\"],\"roleName\":[\"\"],\"size\":[\"10\"],\"page\":[\"1\"]}', 6, NULL, '2022-08-01 15:47:45', 'admin', '2022-08-01 15:47:45', 'admin', 0);
INSERT INTO `sys_log` VALUES (309102603059331072, 'SYS', '角色管理', '分页查询', 2, 292798030246051840, 1, '0:0:0:0:0:0:0:1', 'top.zsmile.modules.sys.controller.SysRoleController.list', NULL, 'GET', '{\"id\":[\"\"],\"tenantId\":[\"\"],\"roleName\":[\"\"],\"size\":[\"10\"],\"page\":[\"1\"]}', 7, NULL, '2022-08-01 15:47:52', 'admin', '2022-08-01 15:47:52', 'admin', 0);
INSERT INTO `sys_log` VALUES (309102684600795136, 'SYS', '角色管理', '分页查询', 2, 292798030246051840, 1, '0:0:0:0:0:0:0:1', 'top.zsmile.modules.sys.controller.SysRoleController.list', NULL, 'GET', '{\"id\":[\"\"],\"tenantId\":[\"\"],\"roleName\":[\"\"],\"size\":[\"10\"],\"page\":[\"1\"]}', 6, NULL, '2022-08-01 15:48:12', 'admin', '2022-08-01 15:48:12', 'admin', 0);
INSERT INTO `sys_log` VALUES (309102722961899520, 'SYS', '角色管理', '分页查询', 2, 292798030246051840, 1, '0:0:0:0:0:0:0:1', 'top.zsmile.modules.sys.controller.SysRoleController.list', NULL, 'GET', '{\"id\":[\"\"],\"tenantId\":[\"\"],\"roleName\":[\"\"],\"size\":[\"10\"],\"page\":[\"1\"]}', 8, NULL, '2022-08-01 15:48:21', 'admin', '2022-08-01 15:48:21', 'admin', 0);
INSERT INTO `sys_log` VALUES (309102744893915136, 'SYS', '角色管理', '分页查询', 2, 292798030246051840, 1, '0:0:0:0:0:0:0:1', 'top.zsmile.modules.sys.controller.SysRoleController.list', NULL, 'GET', '{\"id\":[\"\"],\"tenantId\":[\"\"],\"roleName\":[\"\"],\"size\":[\"10\"],\"page\":[\"1\"]}', 8, NULL, '2022-08-01 15:48:26', 'admin', '2022-08-01 15:48:26', 'admin', 0);
INSERT INTO `sys_log` VALUES (309102802955665408, 'SYS', '角色管理', '分页查询', 2, 292798030246051840, 1, '0:0:0:0:0:0:0:1', 'top.zsmile.modules.sys.controller.SysRoleController.list', NULL, 'GET', '{\"id\":[\"\"],\"tenantId\":[\"\"],\"roleName\":[\"\"],\"size\":[\"10\"],\"page\":[\"1\"]}', 7, NULL, '2022-08-01 15:48:40', 'admin', '2022-08-01 15:48:40', 'admin', 0);
INSERT INTO `sys_log` VALUES (309102805791014912, 'SYS', '角色管理', '分页查询', 2, 292798030246051840, 1, '0:0:0:0:0:0:0:1', 'top.zsmile.modules.sys.controller.SysRoleController.list', NULL, 'GET', '{\"id\":[\"\"],\"tenantId\":[\"\"],\"roleName\":[\"\"],\"size\":[\"10\"],\"page\":[\"1\"]}', 8, NULL, '2022-08-01 15:48:41', 'admin', '2022-08-01 15:48:41', 'admin', 0);
INSERT INTO `sys_log` VALUES (309102948753866752, 'SYS', '角色管理', '分页查询', 2, 292798030246051840, 1, '0:0:0:0:0:0:0:1', 'top.zsmile.modules.sys.controller.SysRoleController.list', NULL, 'GET', '{\"id\":[\"\"],\"tenantId\":[\"\"],\"roleName\":[\"\"],\"size\":[\"10\"],\"page\":[\"1\"]}', 7, NULL, '2022-08-01 15:49:15', 'admin', '2022-08-01 15:49:15', 'admin', 0);
INSERT INTO `sys_log` VALUES (309103267873292288, 'SYS', '系统配置', '分页查询', 2, 292798030246051840, 1, '0:0:0:0:0:0:0:1', 'top.zsmile.modules.sys.controller.SysConfigController.list', NULL, 'GET', '{\"id\":[\"\"],\"configName\":[\"\"],\"configKey\":[\"\"],\"configType\":[\"\"],\"configValue\":[\"\"],\"enableFlag\":[\"\"],\"size\":[\"10\"],\"page\":[\"1\"]}', 8, NULL, '2022-08-01 15:50:31', 'admin', '2022-08-01 15:50:31', 'admin', 0);
INSERT INTO `sys_log` VALUES (309103278363246592, 'SYS', '角色管理', '分页查询', 2, 292798030246051840, 1, '0:0:0:0:0:0:0:1', 'top.zsmile.modules.sys.controller.SysRoleController.list', NULL, 'GET', '{\"id\":[\"\"],\"tenantId\":[\"\"],\"roleName\":[\"\"],\"size\":[\"10\"],\"page\":[\"1\"]}', 6, NULL, '2022-08-01 15:50:33', 'admin', '2022-08-01 15:50:33', 'admin', 0);
INSERT INTO `sys_log` VALUES (309103448387747840, 'SYS', '角色管理', '分页查询', 2, 292798030246051840, 1, '0:0:0:0:0:0:0:1', 'top.zsmile.modules.sys.controller.SysRoleController.list', NULL, 'GET', '{\"id\":[\"\"],\"tenantId\":[\"\"],\"roleName\":[\"\"],\"size\":[\"10\"],\"page\":[\"1\"]}', 6, NULL, '2022-08-01 15:51:14', 'admin', '2022-08-01 15:51:14', 'admin', 0);
INSERT INTO `sys_log` VALUES (309103466129653760, 'SYS', '角色管理', '分页查询', 2, 292798030246051840, 1, '0:0:0:0:0:0:0:1', 'top.zsmile.modules.sys.controller.SysRoleController.list', NULL, 'GET', '{\"id\":[\"\"],\"tenantId\":[\"\"],\"roleName\":[\"\"],\"size\":[\"10\"],\"page\":[\"1\"]}', 7, NULL, '2022-08-01 15:51:18', 'admin', '2022-08-01 15:51:18', 'admin', 0);
INSERT INTO `sys_log` VALUES (309103480901992448, 'SYS', '角色管理', '分页查询', 2, 292798030246051840, 1, '0:0:0:0:0:0:0:1', 'top.zsmile.modules.sys.controller.SysRoleController.list', NULL, 'GET', '{\"id\":[\"\"],\"tenantId\":[\"\"],\"roleName\":[\"\"],\"size\":[\"10\"],\"page\":[\"1\"]}', 6, NULL, '2022-08-01 15:51:22', 'admin', '2022-08-01 15:51:22', 'admin', 0);
INSERT INTO `sys_log` VALUES (309103487084396544, 'SYS', '系统部门', '分页查询', 2, 292798030246051840, 1, '0:0:0:0:0:0:0:1', 'top.zsmile.modules.sys.controller.SysDeptController.list', NULL, 'GET', '{\"id\":[\"\"],\"tenantId\":[\"\"],\"parentId\":[\"\"],\"deptName\":[\"\"],\"size\":[\"10\"],\"page\":[\"1\"]}', 15, NULL, '2022-08-01 15:51:23', 'admin', '2022-08-01 15:51:23', 'admin', 0);
INSERT INTO `sys_log` VALUES (309103496890679296, 'SYS', '系统用户管理', '分页查询', 2, 292798030246051840, 1, '0:0:0:0:0:0:0:1', 'top.zsmile.modules.sys.controller.SysUserController.list', NULL, 'GET', '{\"id\":[\"\"],\"tenantId\":[\"\"],\"username\":[\"\"],\"realName\":[\"\"],\"password\":[\"\"],\"salt\":[\"\"],\"enableFlag\":[\"\"],\"remark\":[\"\"],\"size\":[\"10\"],\"page\":[\"1\"]}', 7, NULL, '2022-08-01 15:51:25', 'admin', '2022-08-01 15:51:25', 'admin', 0);
INSERT INTO `sys_log` VALUES (309103506604687360, 'SYS', '数据字典', '分页查询', 2, 292798030246051840, 1, '0:0:0:0:0:0:0:1', 'top.zsmile.modules.sys.controller.SysDictController.list', NULL, 'GET', '{\"id\":[\"\"],\"dictCode\":[\"\"],\"dictName\":[\"\"],\"remark\":[\"\"],\"size\":[\"10\"],\"page\":[\"1\"]}', 14, NULL, '2022-08-01 15:51:28', 'admin', '2022-08-01 15:51:28', 'admin', 0);
INSERT INTO `sys_log` VALUES (309104533303197696, 'SYS', '系统配置', '分页查询', 2, 292798030246051840, 1, '0:0:0:0:0:0:0:1', 'top.zsmile.modules.sys.controller.SysConfigController.list', NULL, 'GET', '{\"id\":[\"\"],\"configName\":[\"\"],\"configKey\":[\"\"],\"configType\":[\"\"],\"configValue\":[\"\"],\"enableFlag\":[\"\"],\"size\":[\"10\"],\"page\":[\"1\"]}', 7, NULL, '2022-08-01 15:55:33', 'admin', '2022-08-01 15:55:33', 'admin', 0);
INSERT INTO `sys_log` VALUES (309104536176295936, 'SYS', '角色管理', '分页查询', 2, 292798030246051840, 1, '0:0:0:0:0:0:0:1', 'top.zsmile.modules.sys.controller.SysRoleController.list', NULL, 'GET', '{\"id\":[\"\"],\"tenantId\":[\"\"],\"roleName\":[\"\"],\"size\":[\"10\"],\"page\":[\"1\"]}', 7, NULL, '2022-08-01 15:55:33', 'admin', '2022-08-01 15:55:33', 'admin', 0);
INSERT INTO `sys_log` VALUES (309104542308368384, 'SYS', '多租户管理', '分页查询', 2, 292798030246051840, 1, '0:0:0:0:0:0:0:1', 'top.zsmile.modules.sys.controller.SysTenantController.list', NULL, 'GET', '{\"id\":[\"\"],\"tenantName\":[\"\"],\"size\":[\"10\"],\"page\":[\"1\"]}', 7, NULL, '2022-08-01 15:55:35', 'admin', '2022-08-01 15:55:35', 'admin', 0);
INSERT INTO `sys_log` VALUES (309104554639622144, 'SYS', '系统配置', '分页查询', 2, 292798030246051840, 1, '0:0:0:0:0:0:0:1', 'top.zsmile.modules.sys.controller.SysConfigController.list', NULL, 'GET', '{\"id\":[\"\"],\"configName\":[\"\"],\"configKey\":[\"\"],\"configType\":[\"\"],\"configValue\":[\"\"],\"enableFlag\":[\"\"],\"size\":[\"10\"],\"page\":[\"1\"]}', 8, NULL, '2022-08-01 15:55:38', 'admin', '2022-08-01 15:55:38', 'admin', 0);
INSERT INTO `sys_log` VALUES (309104563162447872, 'SYS', '多租户管理', '分页查询', 2, 292798030246051840, 1, '0:0:0:0:0:0:0:1', 'top.zsmile.modules.sys.controller.SysTenantController.list', NULL, 'GET', '{\"id\":[\"\"],\"tenantName\":[\"\"],\"size\":[\"10\"],\"page\":[\"1\"]}', 8, NULL, '2022-08-01 15:55:40', 'admin', '2022-08-01 15:55:40', 'admin', 0);
INSERT INTO `sys_log` VALUES (309104582129090560, 'SYS', '系统用户管理', '分页查询', 2, 292798030246051840, 1, '0:0:0:0:0:0:0:1', 'top.zsmile.modules.sys.controller.SysUserController.list', NULL, 'GET', '{\"id\":[\"\"],\"tenantId\":[\"\"],\"username\":[\"\"],\"realName\":[\"\"],\"password\":[\"\"],\"salt\":[\"\"],\"enableFlag\":[\"\"],\"remark\":[\"\"],\"size\":[\"10\"],\"page\":[\"1\"]}', 7, NULL, '2022-08-01 15:55:44', 'admin', '2022-08-01 15:55:44', 'admin', 0);
INSERT INTO `sys_log` VALUES (309104769056636928, 'SYS', '系统用户管理', '分页查询', 2, 292798030246051840, 1, '0:0:0:0:0:0:0:1', 'top.zsmile.modules.sys.controller.SysUserController.list', NULL, 'GET', '{\"id\":[\"\"],\"tenantId\":[\"\"],\"username\":[\"\"],\"realName\":[\"\"],\"password\":[\"\"],\"salt\":[\"\"],\"enableFlag\":[\"\"],\"remark\":[\"\"],\"size\":[\"10\"],\"page\":[\"1\"]}', 8, NULL, '2022-08-01 15:56:29', 'admin', '2022-08-01 15:56:29', 'admin', 0);
INSERT INTO `sys_log` VALUES (309104777969532928, 'SYS', '系统用户管理', '分页查询', 2, 292798030246051840, 1, '0:0:0:0:0:0:0:1', 'top.zsmile.modules.sys.controller.SysUserController.list', NULL, 'GET', '{\"id\":[\"\"],\"tenantId\":[\"\"],\"username\":[\"\"],\"realName\":[\"\"],\"password\":[\"\"],\"salt\":[\"\"],\"enableFlag\":[\"\"],\"remark\":[\"\"],\"size\":[\"10\"],\"page\":[\"1\"]}', 6, NULL, '2022-08-01 15:56:31', 'admin', '2022-08-01 15:56:31', 'admin', 0);
INSERT INTO `sys_log` VALUES (309104832642285568, 'SYS', '系统用户管理', '分页查询', 2, 292798030246051840, 1, '0:0:0:0:0:0:0:1', 'top.zsmile.modules.sys.controller.SysUserController.list', NULL, 'GET', '{\"id\":[\"\"],\"tenantId\":[\"\"],\"username\":[\"\"],\"realName\":[\"\"],\"password\":[\"\"],\"salt\":[\"\"],\"enableFlag\":[\"\"],\"remark\":[\"\"],\"size\":[\"10\"],\"page\":[\"1\"]}', 6, NULL, '2022-08-01 15:56:44', 'admin', '2022-08-01 15:56:44', 'admin', 0);
INSERT INTO `sys_log` VALUES (309104901349179392, 'SYS', '系统用户管理', '分页查询', 2, 292798030246051840, 1, '0:0:0:0:0:0:0:1', 'top.zsmile.modules.sys.controller.SysUserController.list', NULL, 'GET', '{\"id\":[\"\"],\"tenantId\":[\"\"],\"username\":[\"\"],\"realName\":[\"\"],\"password\":[\"\"],\"salt\":[\"\"],\"enableFlag\":[\"\"],\"remark\":[\"\"],\"size\":[\"10\"],\"page\":[\"1\"]}', 8, NULL, '2022-08-01 15:57:00', 'admin', '2022-08-01 15:57:00', 'admin', 0);
INSERT INTO `sys_log` VALUES (309117369169477632, 'SYS', '系统用户管理', '分页查询', 2, 292798030246051840, 1, '0:0:0:0:0:0:0:1', 'top.zsmile.modules.sys.controller.SysUserController.list', NULL, 'GET', '{\"id\":[\"\"],\"tenantId\":[\"\"],\"username\":[\"\"],\"realName\":[\"\"],\"password\":[\"\"],\"salt\":[\"\"],\"enableFlag\":[\"\"],\"remark\":[\"\"],\"size\":[\"10\"],\"page\":[\"1\"]}', 8, NULL, '2022-08-01 16:46:33', 'admin', '2022-08-01 16:46:33', 'admin', 0);
INSERT INTO `sys_log` VALUES (309122421519024128, 'SYS', '角色管理', '分页查询', 2, 292798030246051840, 1, '0:0:0:0:0:0:0:1', 'top.zsmile.modules.sys.controller.SysRoleController.list', NULL, 'GET', '{\"id\":[\"\"],\"tenantId\":[\"\"],\"roleName\":[\"\"],\"size\":[\"10\"],\"page\":[\"1\"]}', 8, NULL, '2022-08-01 17:06:37', 'admin', '2022-08-01 17:06:37', 'admin', 0);
INSERT INTO `sys_log` VALUES (309126853312905216, 'SYS', '系统配置', '分页查询', 2, 292798030246051840, 1, '0:0:0:0:0:0:0:1', 'top.zsmile.modules.sys.controller.SysConfigController.list', NULL, 'GET', '{\"id\":[\"\"],\"configName\":[\"\"],\"configKey\":[\"\"],\"configType\":[\"\"],\"configValue\":[\"\"],\"enableFlag\":[\"\"],\"size\":[\"10\"],\"page\":[\"1\"]}', 9, NULL, '2022-08-01 17:24:14', 'admin', '2022-08-01 17:24:14', 'admin', 0);
INSERT INTO `sys_log` VALUES (309126860749406208, 'SYS', '角色管理', '分页查询', 2, 292798030246051840, 1, '0:0:0:0:0:0:0:1', 'top.zsmile.modules.sys.controller.SysRoleController.list', NULL, 'GET', '{\"id\":[\"\"],\"tenantId\":[\"\"],\"roleName\":[\"\"],\"size\":[\"10\"],\"page\":[\"1\"]}', 9, NULL, '2022-08-01 17:24:16', 'admin', '2022-08-01 17:24:16', 'admin', 0);
INSERT INTO `sys_log` VALUES (309126944950059008, 'SYS', '系统菜单管理', '分页查询', 2, 292798030246051840, 1, '0:0:0:0:0:0:0:1', 'top.zsmile.modules.sys.controller.SysMenuController.list', NULL, 'GET', '{\"id\":[\"\"],\"parentId\":[\"\"],\"menuName\":[\"\"],\"menuIcon\":[\"\"],\"routeUrl\":[\"\"],\"routeView\":[\"\"],\"menuType\":[\"\"],\"perm\":[\"\"],\"orderNum\":[\"\"],\"enableFlag\":[\"\"],\"size\":[\"10\"],\"page\":[\"1\"]}', 11, NULL, '2022-08-01 17:24:36', 'admin', '2022-08-01 17:24:36', 'admin', 0);
INSERT INTO `sys_log` VALUES (309127001770295296, 'SYS', '系统菜单管理', '分页查询', 2, 292798030246051840, 1, '0:0:0:0:0:0:0:1', 'top.zsmile.modules.sys.controller.SysMenuController.list', NULL, 'GET', '{\"id\":[\"\"],\"parentId\":[\"\"],\"menuName\":[\"\"],\"menuIcon\":[\"\"],\"routeUrl\":[\"\"],\"routeView\":[\"\"],\"menuType\":[\"\"],\"perm\":[\"\"],\"orderNum\":[\"\"],\"enableFlag\":[\"\"],\"size\":[\"10\"],\"page\":[\"1\"]}', 8, NULL, '2022-08-01 17:24:49', 'admin', '2022-08-01 17:24:49', 'admin', 0);
INSERT INTO `sys_log` VALUES (309127012130226176, 'SYS', '系统用户管理', '分页查询', 2, 292798030246051840, 1, '0:0:0:0:0:0:0:1', 'top.zsmile.modules.sys.controller.SysUserController.list', NULL, 'GET', '{\"id\":[\"\"],\"tenantId\":[\"\"],\"username\":[\"\"],\"realName\":[\"\"],\"password\":[\"\"],\"salt\":[\"\"],\"enableFlag\":[\"\"],\"remark\":[\"\"],\"size\":[\"10\"],\"page\":[\"1\"]}', 11, NULL, '2022-08-01 17:24:52', 'admin', '2022-08-01 17:24:52', 'admin', 0);
INSERT INTO `sys_log` VALUES (309127015494057984, 'SYS', '系统菜单管理', '分页查询', 2, 292798030246051840, 1, '0:0:0:0:0:0:0:1', 'top.zsmile.modules.sys.controller.SysMenuController.list', NULL, 'GET', '{\"id\":[\"\"],\"parentId\":[\"\"],\"menuName\":[\"\"],\"menuIcon\":[\"\"],\"routeUrl\":[\"\"],\"routeView\":[\"\"],\"menuType\":[\"\"],\"perm\":[\"\"],\"orderNum\":[\"\"],\"enableFlag\":[\"\"],\"size\":[\"10\"],\"page\":[\"1\"]}', 8, NULL, '2022-08-01 17:24:53', 'admin', '2022-08-01 17:24:53', 'admin', 0);
INSERT INTO `sys_log` VALUES (309127087623503872, 'SYS', '数据字典', '分页查询', 2, 292798030246051840, 1, '0:0:0:0:0:0:0:1', 'top.zsmile.modules.sys.controller.SysDictController.list', NULL, 'GET', '{\"id\":[\"\"],\"dictCode\":[\"\"],\"dictName\":[\"\"],\"remark\":[\"\"],\"size\":[\"10\"],\"page\":[\"1\"]}', 8, NULL, '2022-08-01 17:25:10', 'admin', '2022-08-01 17:25:10', 'admin', 0);
INSERT INTO `sys_log` VALUES (309128567533338624, 'SYS', '系统菜单管理', '分页查询', 2, 292798030246051840, 1, '0:0:0:0:0:0:0:1', 'top.zsmile.modules.sys.controller.SysMenuController.list', NULL, 'GET', '{\"id\":[\"\"],\"parentId\":[\"\"],\"menuName\":[\"\"],\"menuIcon\":[\"\"],\"routeUrl\":[\"\"],\"routeView\":[\"\"],\"menuType\":[\"\"],\"perm\":[\"\"],\"orderNum\":[\"\"],\"enableFlag\":[\"\"],\"size\":[\"10\"],\"page\":[\"1\"]}', 8, NULL, '2022-08-01 17:31:03', 'admin', '2022-08-01 17:31:03', 'admin', 0);
INSERT INTO `sys_log` VALUES (309128592338452480, 'SYS', '系统菜单管理', '分页查询', 2, 292798030246051840, 1, '0:0:0:0:0:0:0:1', 'top.zsmile.modules.sys.controller.SysMenuController.list', NULL, 'GET', '{\"id\":[\"\"],\"parentId\":[\"\"],\"menuName\":[\"\"],\"menuIcon\":[\"\"],\"routeUrl\":[\"\"],\"routeView\":[\"\"],\"menuType\":[\"2\"],\"perm\":[\"\"],\"orderNum\":[\"\"],\"enableFlag\":[\"\"],\"size\":[\"-1\"],\"page\":[\"1\"]}', 9, NULL, '2022-08-01 17:31:09', 'admin', '2022-08-01 17:31:09', 'admin', 0);
INSERT INTO `sys_log` VALUES (309128641961263104, 'SYS', '系统菜单管理', '分页查询', 2, 292798030246051840, 1, '0:0:0:0:0:0:0:1', 'top.zsmile.modules.sys.controller.SysMenuController.list', NULL, 'GET', '{\"id\":[\"\"],\"parentId\":[\"\"],\"menuName\":[\"\"],\"menuIcon\":[\"\"],\"routeUrl\":[\"\"],\"routeView\":[\"\"],\"menuType\":[\"1\"],\"perm\":[\"\"],\"orderNum\":[\"\"],\"enableFlag\":[\"\"],\"size\":[\"-1\"],\"page\":[\"1\"]}', 6, NULL, '2022-08-01 17:31:20', 'admin', '2022-08-01 17:31:20', 'admin', 0);
INSERT INTO `sys_log` VALUES (309128678812418048, 'SYS', '系统菜单管理', '分页查询', 2, 292798030246051840, 1, '0:0:0:0:0:0:0:1', 'top.zsmile.modules.sys.controller.SysMenuController.list', NULL, 'GET', '{\"id\":[\"\"],\"parentId\":[\"\"],\"menuName\":[\"\"],\"menuIcon\":[\"\"],\"routeUrl\":[\"\"],\"routeView\":[\"\"],\"menuType\":[\"1\"],\"perm\":[\"\"],\"orderNum\":[\"\"],\"enableFlag\":[\"\"],\"size\":[\"-1\"],\"page\":[\"1\"]}', 7, NULL, '2022-08-01 17:31:29', 'admin', '2022-08-01 17:31:29', 'admin', 0);
INSERT INTO `sys_log` VALUES (309128731559985152, 'SYS', '系统菜单管理', '分页查询', 2, 292798030246051840, 1, '0:0:0:0:0:0:0:1', 'top.zsmile.modules.sys.controller.SysMenuController.list', NULL, 'GET', '{\"id\":[\"\"],\"parentId\":[\"\"],\"menuName\":[\"\"],\"menuIcon\":[\"\"],\"routeUrl\":[\"\"],\"routeView\":[\"\"],\"menuType\":[\"0\"],\"perm\":[\"\"],\"orderNum\":[\"\"],\"enableFlag\":[\"\"],\"size\":[\"-1\"],\"page\":[\"1\"]}', 8, NULL, '2022-08-01 17:31:42', 'admin', '2022-08-01 17:31:42', 'admin', 0);
INSERT INTO `sys_log` VALUES (309128747422842880, 'SYS', '系统菜单管理', '分页查询', 2, 292798030246051840, 1, '0:0:0:0:0:0:0:1', 'top.zsmile.modules.sys.controller.SysMenuController.list', NULL, 'GET', '{\"id\":[\"\"],\"parentId\":[\"\"],\"menuName\":[\"\"],\"menuIcon\":[\"\"],\"routeUrl\":[\"\"],\"routeView\":[\"\"],\"menuType\":[\"1\"],\"perm\":[\"\"],\"orderNum\":[\"\"],\"enableFlag\":[\"\"],\"size\":[\"-1\"],\"page\":[\"1\"]}', 7, NULL, '2022-08-01 17:31:46', 'admin', '2022-08-01 17:31:46', 'admin', 0);
INSERT INTO `sys_log` VALUES (309128934836928512, 'SYS', '系统菜单管理', '分页查询', 2, 292798030246051840, 1, '0:0:0:0:0:0:0:1', 'top.zsmile.modules.sys.controller.SysMenuController.list', NULL, 'GET', '{\"id\":[\"\"],\"parentId\":[\"\"],\"menuName\":[\"\"],\"menuIcon\":[\"\"],\"routeUrl\":[\"\"],\"routeView\":[\"\"],\"menuType\":[\"\"],\"perm\":[\"\"],\"orderNum\":[\"\"],\"enableFlag\":[\"\"],\"size\":[\"10\"],\"page\":[\"1\"]}', 11, NULL, '2022-08-01 17:32:30', 'admin', '2022-08-01 17:32:30', 'admin', 0);
INSERT INTO `sys_log` VALUES (309128941258407936, 'SYS', '系统菜单管理', '分页查询', 2, 292798030246051840, 1, '0:0:0:0:0:0:0:1', 'top.zsmile.modules.sys.controller.SysMenuController.list', NULL, 'GET', '{\"id\":[\"\"],\"parentId\":[\"\"],\"menuName\":[\"\"],\"menuIcon\":[\"\"],\"routeUrl\":[\"\"],\"routeView\":[\"\"],\"menuType\":[\"\"],\"perm\":[\"\"],\"orderNum\":[\"\"],\"enableFlag\":[\"\"],\"size\":[\"10\"],\"page\":[\"1\"]}', 13, NULL, '2022-08-01 17:32:32', 'admin', '2022-08-01 17:32:32', 'admin', 0);
INSERT INTO `sys_log` VALUES (309128961906966528, 'SYS', '系统菜单管理', '分页查询', 2, 292798030246051840, 1, '0:0:0:0:0:0:0:1', 'top.zsmile.modules.sys.controller.SysMenuController.list', NULL, 'GET', '{\"id\":[\"\"],\"parentId\":[\"\"],\"menuName\":[\"\"],\"menuIcon\":[\"\"],\"routeUrl\":[\"\"],\"routeView\":[\"\"],\"menuType\":[\"1\"],\"perm\":[\"\"],\"orderNum\":[\"\"],\"enableFlag\":[\"\"],\"size\":[\"-1\"],\"page\":[\"1\"]}', 8, NULL, '2022-08-01 17:32:37', 'admin', '2022-08-01 17:32:37', 'admin', 0);
INSERT INTO `sys_log` VALUES (309129020929212416, 'SYS', '系统菜单管理', '分页查询', 2, 292798030246051840, 1, '0:0:0:0:0:0:0:1', 'top.zsmile.modules.sys.controller.SysMenuController.list', NULL, 'GET', '{\"id\":[\"\"],\"parentId\":[\"\"],\"menuName\":[\"\"],\"menuIcon\":[\"\"],\"routeUrl\":[\"\"],\"routeView\":[\"\"],\"menuType\":[\"1\"],\"perm\":[\"\"],\"orderNum\":[\"\"],\"enableFlag\":[\"\"],\"size\":[\"-1\"],\"page\":[\"1\"]}', 6, NULL, '2022-08-01 17:32:51', 'admin', '2022-08-01 17:32:51', 'admin', 0);
INSERT INTO `sys_log` VALUES (309129054479450112, 'SYS', '系统菜单管理', '分页查询', 2, 292798030246051840, 1, '0:0:0:0:0:0:0:1', 'top.zsmile.modules.sys.controller.SysMenuController.list', NULL, 'GET', '{\"id\":[\"\"],\"parentId\":[\"\"],\"menuName\":[\"\"],\"menuIcon\":[\"\"],\"routeUrl\":[\"\"],\"routeView\":[\"\"],\"menuType\":[\"1\"],\"perm\":[\"\"],\"orderNum\":[\"\"],\"enableFlag\":[\"\"],\"size\":[\"-1\"],\"page\":[\"1\"]}', 7, NULL, '2022-08-01 17:32:59', 'admin', '2022-08-01 17:32:59', 'admin', 0);
INSERT INTO `sys_log` VALUES (309129486861860864, 'SYS', '系统菜单管理', '分页查询', 2, 292798030246051840, 1, '0:0:0:0:0:0:0:1', 'top.zsmile.modules.sys.controller.SysMenuController.list', NULL, 'GET', '{\"id\":[\"\"],\"parentId\":[\"\"],\"menuName\":[\"\"],\"menuIcon\":[\"\"],\"routeUrl\":[\"\"],\"routeView\":[\"\"],\"menuType\":[\"\"],\"perm\":[\"\"],\"orderNum\":[\"\"],\"enableFlag\":[\"\"],\"size\":[\"10\"],\"page\":[\"1\"]}', 10, NULL, '2022-08-01 17:34:42', 'admin', '2022-08-01 17:34:42', 'admin', 0);
INSERT INTO `sys_log` VALUES (309129494772318208, 'SYS', '系统菜单管理', '分页查询', 2, 292798030246051840, 1, '0:0:0:0:0:0:0:1', 'top.zsmile.modules.sys.controller.SysMenuController.list', NULL, 'GET', '{\"id\":[\"\"],\"parentId\":[\"\"],\"menuName\":[\"\"],\"menuIcon\":[\"\"],\"routeUrl\":[\"\"],\"routeView\":[\"\"],\"menuType\":[\"\"],\"perm\":[\"\"],\"orderNum\":[\"\"],\"enableFlag\":[\"\"],\"size\":[\"10\"],\"page\":[\"1\"]}', 11, NULL, '2022-08-01 17:34:44', 'admin', '2022-08-01 17:34:44', 'admin', 0);
INSERT INTO `sys_log` VALUES (309129505920778240, 'SYS', '系统菜单管理', '分页查询', 2, 292798030246051840, 1, '0:0:0:0:0:0:0:1', 'top.zsmile.modules.sys.controller.SysMenuController.list', NULL, 'GET', '{\"id\":[\"\"],\"parentId\":[\"\"],\"menuName\":[\"\"],\"menuIcon\":[\"\"],\"routeUrl\":[\"\"],\"routeView\":[\"\"],\"menuType\":[\"1\"],\"perm\":[\"\"],\"orderNum\":[\"\"],\"enableFlag\":[\"\"],\"size\":[\"-1\"],\"page\":[\"1\"]}', 7, NULL, '2022-08-01 17:34:46', 'admin', '2022-08-01 17:34:46', 'admin', 0);
INSERT INTO `sys_log` VALUES (309129521259347968, 'SYS', '系统菜单管理', '分页查询', 2, 292798030246051840, 1, '0:0:0:0:0:0:0:1', 'top.zsmile.modules.sys.controller.SysMenuController.list', NULL, 'GET', '{\"id\":[\"\"],\"parentId\":[\"\"],\"menuName\":[\"\"],\"menuIcon\":[\"\"],\"routeUrl\":[\"\"],\"routeView\":[\"\"],\"menuType\":[\"2\"],\"perm\":[\"\"],\"orderNum\":[\"\"],\"enableFlag\":[\"\"],\"size\":[\"-1\"],\"page\":[\"1\"]}', 7, NULL, '2022-08-01 17:34:50', 'admin', '2022-08-01 17:34:50', 'admin', 0);
INSERT INTO `sys_log` VALUES (309129545187852288, 'SYS', '系统菜单管理', '分页查询', 2, 292798030246051840, 1, '0:0:0:0:0:0:0:1', 'top.zsmile.modules.sys.controller.SysMenuController.list', NULL, 'GET', '{\"id\":[\"\"],\"parentId\":[\"\"],\"menuName\":[\"\"],\"menuIcon\":[\"\"],\"routeUrl\":[\"\"],\"routeView\":[\"\"],\"menuType\":[\"0\"],\"perm\":[\"\"],\"orderNum\":[\"\"],\"enableFlag\":[\"\"],\"size\":[\"-1\"],\"page\":[\"1\"]}', 8, NULL, '2022-08-01 17:34:56', 'admin', '2022-08-01 17:34:56', 'admin', 0);
INSERT INTO `sys_log` VALUES (309129561990234112, 'SYS', '系统菜单管理', '分页查询', 2, 292798030246051840, 1, '0:0:0:0:0:0:0:1', 'top.zsmile.modules.sys.controller.SysMenuController.list', NULL, 'GET', '{\"id\":[\"\"],\"parentId\":[\"\"],\"menuName\":[\"\"],\"menuIcon\":[\"\"],\"routeUrl\":[\"\"],\"routeView\":[\"\"],\"menuType\":[\"\"],\"perm\":[\"\"],\"orderNum\":[\"\"],\"enableFlag\":[\"\"],\"size\":[\"-1\"],\"page\":[\"1\"]}', 7, NULL, '2022-08-01 17:35:00', 'admin', '2022-08-01 17:35:00', 'admin', 0);
INSERT INTO `sys_log` VALUES (309129656026529792, 'SYS', '系统部门', '分页查询', 2, 292798030246051840, 1, '0:0:0:0:0:0:0:1', 'top.zsmile.modules.sys.controller.SysDeptController.list', NULL, 'GET', '{\"id\":[\"\"],\"tenantId\":[\"\"],\"parentId\":[\"\"],\"deptName\":[\"\"],\"size\":[\"10\"],\"page\":[\"1\"]}', 7, NULL, '2022-08-01 17:35:22', 'admin', '2022-08-01 17:35:22', 'admin', 0);
INSERT INTO `sys_log` VALUES (309129665111392256, 'SYS', '系统用户管理', '分页查询', 2, 292798030246051840, 1, '0:0:0:0:0:0:0:1', 'top.zsmile.modules.sys.controller.SysUserController.list', NULL, 'GET', '{\"id\":[\"\"],\"tenantId\":[\"\"],\"username\":[\"\"],\"realName\":[\"\"],\"password\":[\"\"],\"salt\":[\"\"],\"enableFlag\":[\"\"],\"remark\":[\"\"],\"size\":[\"10\"],\"page\":[\"1\"]}', 6, NULL, '2022-08-01 17:35:24', 'admin', '2022-08-01 17:35:24', 'admin', 0);
INSERT INTO `sys_log` VALUES (309852170335813632, 'SYS', '系统用户管理', '分页查询', 2, 292798030246051840, 1, '0:0:0:0:0:0:0:1', 'top.zsmile.modules.sys.controller.SysUserController.list', NULL, 'GET', '{\"id\":[\"\"],\"tenantId\":[\"\"],\"username\":[\"\"],\"realName\":[\"\"],\"password\":[\"\"],\"salt\":[\"\"],\"enableFlag\":[\"\"],\"remark\":[\"\"],\"size\":[\"10\"],\"page\":[\"1\"]}', 23, NULL, '2022-08-03 17:26:23', 'admin', '2022-08-03 17:26:23', 'admin', 0);
INSERT INTO `sys_log` VALUES (310185209700024320, 'SYS', '系统用户管理', '分页查询', 2, 292798030246051840, 1, '0:0:0:0:0:0:0:1', 'top.zsmile.modules.sys.controller.SysUserController.list', NULL, 'GET', '{\"id\":[\"\"],\"tenantId\":[\"\"],\"username\":[\"\"],\"realName\":[\"\"],\"password\":[\"\"],\"salt\":[\"\"],\"enableFlag\":[\"\"],\"remark\":[\"\"],\"size\":[\"10\"],\"page\":[\"1\"]}', 20, NULL, NULL, NULL, NULL, NULL, 0);
INSERT INTO `sys_log` VALUES (310185216658374656, 'SYS', '系统菜单管理', '分页查询', 2, 292798030246051840, 1, '0:0:0:0:0:0:0:1', 'top.zsmile.modules.sys.controller.SysMenuController.list', NULL, 'GET', '{\"id\":[\"\"],\"parentId\":[\"\"],\"menuName\":[\"\"],\"menuIcon\":[\"\"],\"routeUrl\":[\"\"],\"routeView\":[\"\"],\"menuType\":[\"\"],\"perm\":[\"\"],\"orderNum\":[\"\"],\"enableFlag\":[\"\"],\"size\":[\"10\"],\"page\":[\"1\"]}', 20, NULL, NULL, NULL, NULL, NULL, 0);
INSERT INTO `sys_log` VALUES (310185225239920640, 'SYS', '角色管理', '分页查询', 2, 292798030246051840, 1, '0:0:0:0:0:0:0:1', 'top.zsmile.modules.sys.controller.SysRoleController.list', NULL, 'GET', '{\"id\":[\"\"],\"tenantId\":[\"\"],\"roleName\":[\"\"],\"size\":[\"10\"],\"page\":[\"1\"]}', 21, NULL, NULL, NULL, NULL, NULL, 0);
INSERT INTO `sys_log` VALUES (310185237210464256, 'SYS', '系统配置', '分页查询', 2, 292798030246051840, 1, '0:0:0:0:0:0:0:1', 'top.zsmile.modules.sys.controller.SysConfigController.list', NULL, 'GET', '{\"id\":[\"\"],\"configName\":[\"\"],\"configKey\":[\"\"],\"configType\":[\"\"],\"configValue\":[\"\"],\"enableFlag\":[\"\"],\"size\":[\"10\"],\"page\":[\"1\"]}', 18, NULL, NULL, NULL, NULL, NULL, 0);
INSERT INTO `sys_log` VALUES (310185254268698624, 'SYS', '角色管理', '分页查询', 2, 292798030246051840, 1, '0:0:0:0:0:0:0:1', 'top.zsmile.modules.sys.controller.SysRoleController.list', NULL, 'GET', '{\"id\":[\"\"],\"tenantId\":[\"\"],\"roleName\":[\"\"],\"size\":[\"10\"],\"page\":[\"1\"]}', 11, NULL, NULL, NULL, NULL, NULL, 0);
INSERT INTO `sys_log` VALUES (310185260434325504, 'SYS', '系统配置', '分页查询', 2, 292798030246051840, 1, '0:0:0:0:0:0:0:1', 'top.zsmile.modules.sys.controller.SysConfigController.list', NULL, 'GET', '{\"id\":[\"\"],\"configName\":[\"\"],\"configKey\":[\"\"],\"configType\":[\"\"],\"configValue\":[\"\"],\"enableFlag\":[\"\"],\"size\":[\"10\"],\"page\":[\"1\"]}', 9, NULL, NULL, NULL, NULL, NULL, 0);
INSERT INTO `sys_log` VALUES (310185285377851392, 'SYS', '角色管理', '分页查询', 2, 292798030246051840, 1, '0:0:0:0:0:0:0:1', 'top.zsmile.modules.sys.controller.SysRoleController.list', NULL, 'GET', '{\"id\":[\"\"],\"tenantId\":[\"\"],\"roleName\":[\"\"],\"size\":[\"10\"],\"page\":[\"1\"]}', 8, NULL, NULL, NULL, NULL, NULL, 0);
INSERT INTO `sys_log` VALUES (310185715797327872, 'SYS', '角色管理', '新增', 2, 292798030246051840, 2, '0:0:0:0:0:0:0:1', 'top.zsmile.modules.sys.controller.SysRoleController.save', NULL, 'POST', '[{\"id\":310185715658915840,\"roleName\":\"超级管理员\",\"tenantId\":297516356822106112}]', 10, NULL, NULL, NULL, NULL, NULL, 0);
INSERT INTO `sys_log` VALUES (310185715960905728, 'SYS', '角色管理', '分页查询', 2, 292798030246051840, 1, '0:0:0:0:0:0:0:1', 'top.zsmile.modules.sys.controller.SysRoleController.list', NULL, 'GET', '{\"id\":[\"\"],\"tenantId\":[\"\"],\"roleName\":[\"\"],\"size\":[\"10\"],\"page\":[\"1\"]}', 11, NULL, NULL, NULL, NULL, NULL, 0);
INSERT INTO `sys_log` VALUES (310185838950481920, 'SYS', '角色管理', '分页查询', 2, 292798030246051840, 1, '0:0:0:0:0:0:0:1', 'top.zsmile.modules.sys.controller.SysRoleController.list', NULL, 'GET', '{\"id\":[\"\"],\"tenantId\":[\"\"],\"roleName\":[\"\"],\"size\":[\"10\"],\"page\":[\"1\"]}', 9, NULL, NULL, NULL, NULL, NULL, 0);
INSERT INTO `sys_log` VALUES (310185974296477696, 'SYS', '角色管理', '分页查询', 2, 292798030246051840, 1, '0:0:0:0:0:0:0:1', 'top.zsmile.modules.sys.controller.SysRoleController.list', NULL, 'GET', '{\"id\":[\"\"],\"tenantId\":[\"\"],\"roleName\":[\"\"],\"size\":[\"10\"],\"page\":[\"1\"]}', 9, NULL, NULL, NULL, NULL, NULL, 0);
INSERT INTO `sys_log` VALUES (310185994601103360, 'SYS', '角色管理', '分页查询', 2, 292798030246051840, 1, '0:0:0:0:0:0:0:1', 'top.zsmile.modules.sys.controller.SysRoleController.list', NULL, 'GET', '{\"id\":[\"\"],\"tenantId\":[\"\"],\"roleName\":[\"\"],\"size\":[\"10\"],\"page\":[\"1\"]}', 9, NULL, NULL, NULL, NULL, NULL, 0);
INSERT INTO `sys_log` VALUES (310186088515764224, 'SYS', '角色管理', '分页查询', 2, 292798030246051840, 1, '0:0:0:0:0:0:0:1', 'top.zsmile.modules.sys.controller.SysRoleController.list', NULL, 'GET', '{\"id\":[\"\"],\"tenantId\":[\"\"],\"roleName\":[\"\"],\"size\":[\"10\"],\"page\":[\"1\"]}', 8, NULL, NULL, NULL, NULL, NULL, 0);
INSERT INTO `sys_log` VALUES (310186116378525696, 'SYS', '角色管理', '分页查询', 2, 292798030246051840, 1, '0:0:0:0:0:0:0:1', 'top.zsmile.modules.sys.controller.SysRoleController.list', NULL, 'GET', '{\"id\":[\"\"],\"tenantId\":[\"\"],\"roleName\":[\"\"],\"size\":[\"10\"],\"page\":[\"1\"]}', 8, NULL, NULL, NULL, NULL, NULL, 0);
INSERT INTO `sys_log` VALUES (310186375557152768, 'SYS', '角色管理', '分页查询', 2, 292798030246051840, 1, '0:0:0:0:0:0:0:1', 'top.zsmile.modules.sys.controller.SysRoleController.list', NULL, 'GET', '{\"id\":[\"\"],\"tenantId\":[\"\"],\"roleName\":[\"\"],\"size\":[\"10\"],\"page\":[\"1\"]}', 9, NULL, NULL, NULL, NULL, NULL, 0);
INSERT INTO `sys_log` VALUES (310186903141875712, 'SYS', '角色管理', '分页查询', 2, 292798030246051840, 1, '0:0:0:0:0:0:0:1', 'top.zsmile.modules.sys.controller.SysRoleController.list', NULL, 'GET', '{\"id\":[\"\"],\"tenantId\":[\"\"],\"roleName\":[\"\"],\"size\":[\"10\"],\"page\":[\"1\"]}', 7, NULL, NULL, NULL, NULL, NULL, 0);
INSERT INTO `sys_log` VALUES (310199628114952192, 'SYS', '角色管理', '分页查询', 2, 292798030246051840, 1, '0:0:0:0:0:0:0:1', 'top.zsmile.modules.sys.controller.SysRoleController.list', NULL, 'GET', '{\"id\":[\"\"],\"tenantId\":[\"\"],\"roleName\":[\"\"],\"size\":[\"10\"],\"page\":[\"1\"]}', 20, NULL, NULL, NULL, NULL, NULL, 0);
INSERT INTO `sys_log` VALUES (310224542159077376, 'SYS', '角色管理', '分页查询', 2, 292798030246051840, 1, '0:0:0:0:0:0:0:1', 'top.zsmile.modules.sys.controller.SysRoleController.list', NULL, 'GET', '{\"id\":[\"\"],\"tenantId\":[\"\"],\"roleName\":[\"\"],\"size\":[\"10\"],\"page\":[\"1\"]}', 15, NULL, '2022-08-04 18:06:03', 'admin', '2022-08-04 18:06:03', 'admin', 0);
INSERT INTO `sys_log` VALUES (310224849983242240, 'SYS', '角色管理', '分页查询', 2, 292798030246051840, 1, '0:0:0:0:0:0:0:1', 'top.zsmile.modules.sys.controller.SysRoleController.list', NULL, 'GET', '{\"id\":[\"\"],\"tenantId\":[\"\"],\"roleName\":[\"\"],\"size\":[\"10\"],\"page\":[\"1\"]}', 8, NULL, '2022-08-04 18:07:17', 'admin', '2022-08-04 18:07:17', 'admin', 0);
INSERT INTO `sys_log` VALUES (310225003616403456, 'SYS', '角色管理', '分页查询', 2, 292798030246051840, 1, '0:0:0:0:0:0:0:1', 'top.zsmile.modules.sys.controller.SysRoleController.list', NULL, 'GET', '{\"id\":[\"\"],\"tenantId\":[\"\"],\"roleName\":[\"\"],\"size\":[\"10\"],\"page\":[\"1\"]}', 14, NULL, '2022-08-04 18:07:53', 'admin', '2022-08-04 18:07:53', 'admin', 0);
INSERT INTO `sys_log` VALUES (310225407586598912, 'SYS', '角色管理', '分页查询', 2, 292798030246051840, 1, '0:0:0:0:0:0:0:1', 'top.zsmile.modules.sys.controller.SysRoleController.list', NULL, 'GET', '{\"id\":[\"\"],\"tenantId\":[\"\"],\"roleName\":[\"\"],\"size\":[\"10\"],\"page\":[\"1\"]}', 13, NULL, '2022-08-04 18:09:30', 'admin', '2022-08-04 18:09:30', 'admin', 0);
INSERT INTO `sys_log` VALUES (310225501098606592, 'SYS', '角色管理', '分页查询', 2, 292798030246051840, 1, '0:0:0:0:0:0:0:1', 'top.zsmile.modules.sys.controller.SysRoleController.list', NULL, 'GET', '{\"id\":[\"\"],\"tenantId\":[\"\"],\"roleName\":[\"\"],\"size\":[\"10\"],\"page\":[\"1\"]}', 16, NULL, '2022-08-04 18:09:52', 'admin', '2022-08-04 18:09:52', 'admin', 0);
INSERT INTO `sys_log` VALUES (310225585571889152, 'SYS', '角色管理', '分页查询', 2, 292798030246051840, 1, '0:0:0:0:0:0:0:1', 'top.zsmile.modules.sys.controller.SysRoleController.list', NULL, 'GET', '{\"id\":[\"\"],\"tenantId\":[\"\"],\"roleName\":[\"\"],\"size\":[\"10\"],\"page\":[\"1\"]}', 8, NULL, '2022-08-04 18:10:12', 'admin', '2022-08-04 18:10:12', 'admin', 0);
INSERT INTO `sys_log` VALUES (310225593205522432, 'SYS', '角色管理', '分页查询', 2, 292798030246051840, 1, '0:0:0:0:0:0:0:1', 'top.zsmile.modules.sys.controller.SysRoleController.list', NULL, 'GET', '{\"id\":[\"\"],\"tenantId\":[\"\"],\"roleName\":[\"\"],\"size\":[\"10\"],\"page\":[\"1\"]}', 7, NULL, '2022-08-04 18:10:14', 'admin', '2022-08-04 18:10:14', 'admin', 0);
INSERT INTO `sys_log` VALUES (310225635266002944, 'SYS', '角色管理', '分页查询', 2, 292798030246051840, 1, '0:0:0:0:0:0:0:1', 'top.zsmile.modules.sys.controller.SysRoleController.list', NULL, 'GET', '{\"id\":[\"\"],\"tenantId\":[\"\"],\"roleName\":[\"\"],\"size\":[\"10\"],\"page\":[\"1\"]}', 8, NULL, '2022-08-04 18:10:24', 'admin', '2022-08-04 18:10:24', 'admin', 0);
INSERT INTO `sys_log` VALUES (310225758129750016, 'SYS', '角色管理', '分页查询', 2, 292798030246051840, 1, '0:0:0:0:0:0:0:1', 'top.zsmile.modules.sys.controller.SysRoleController.list', NULL, 'GET', '{\"id\":[\"\"],\"tenantId\":[\"\"],\"roleName\":[\"\"],\"size\":[\"10\"],\"page\":[\"1\"]}', 11, NULL, '2022-08-04 18:10:53', 'admin', '2022-08-04 18:10:53', 'admin', 0);
INSERT INTO `sys_log` VALUES (310225764844830720, 'SYS', '角色管理', '获取角色授权信息', 2, 292798030246051840, 1, '0:0:0:0:0:0:0:1', 'top.zsmile.modules.sys.controller.SysRoleController.roleMenu', NULL, 'GET', '{}', 17, NULL, '2022-08-04 18:10:55', 'admin', '2022-08-04 18:10:55', 'admin', 0);
INSERT INTO `sys_log` VALUES (310225825884536832, 'SYS', '角色管理', '分页查询', 2, 292798030246051840, 1, '0:0:0:0:0:0:0:1', 'top.zsmile.modules.sys.controller.SysRoleController.list', NULL, 'GET', '{\"id\":[\"\"],\"tenantId\":[\"\"],\"roleName\":[\"\"],\"size\":[\"10\"],\"page\":[\"1\"]}', 12, NULL, '2022-08-04 18:11:09', 'admin', '2022-08-04 18:11:09', 'admin', 0);
INSERT INTO `sys_log` VALUES (310225834193453056, 'SYS', '角色管理', '获取角色授权信息', 2, 292798030246051840, 1, '0:0:0:0:0:0:0:1', 'top.zsmile.modules.sys.controller.SysRoleController.roleMenu', NULL, 'GET', '{}', 10, NULL, '2022-08-04 18:11:11', 'admin', '2022-08-04 18:11:11', 'admin', 0);
INSERT INTO `sys_log` VALUES (310226913186545664, 'SYS', '系统配置', '分页查询', 2, 292798030246051840, 1, '0:0:0:0:0:0:0:1', 'top.zsmile.modules.sys.controller.SysConfigController.list', NULL, 'GET', '{\"id\":[\"\"],\"configName\":[\"\"],\"configKey\":[\"\"],\"configType\":[\"\"],\"configValue\":[\"\"],\"enableFlag\":[\"\"],\"size\":[\"10\"],\"page\":[\"1\"]}', 14, NULL, '2022-08-04 18:15:29', 'admin', '2022-08-04 18:15:29', 'admin', 0);
INSERT INTO `sys_log` VALUES (310226925933035520, 'SYS', '数据字典', '分页查询', 2, 292798030246051840, 1, '0:0:0:0:0:0:0:1', 'top.zsmile.modules.sys.controller.SysDictController.list', NULL, 'GET', '{\"id\":[\"\"],\"dictCode\":[\"\"],\"dictName\":[\"\"],\"remark\":[\"\"],\"size\":[\"10\"],\"page\":[\"1\"]}', 20, NULL, '2022-08-04 18:15:32', 'admin', '2022-08-04 18:15:32', 'admin', 0);
INSERT INTO `sys_log` VALUES (310226931888947200, 'SYS', '系统菜单管理', '分页查询', 2, 292798030246051840, 1, '0:0:0:0:0:0:0:1', 'top.zsmile.modules.sys.controller.SysMenuController.list', NULL, 'GET', '{\"id\":[\"\"],\"parentId\":[\"\"],\"menuName\":[\"\"],\"menuIcon\":[\"\"],\"routeUrl\":[\"\"],\"routeView\":[\"\"],\"menuType\":[\"\"],\"perm\":[\"\"],\"orderNum\":[\"\"],\"enableFlag\":[\"\"],\"size\":[\"10\"],\"page\":[\"1\"]}', 11, NULL, '2022-08-04 18:15:33', 'admin', '2022-08-04 18:15:33', 'admin', 0);
INSERT INTO `sys_log` VALUES (310457878425108480, 'SYS', '系统菜单管理', '分页查询', 2, 292798030246051840, 1, '0:0:0:0:0:0:0:1', 'top.zsmile.modules.sys.controller.SysMenuController.list', NULL, 'GET', '{\"id\":[\"\"],\"parentId\":[\"\"],\"menuName\":[\"\"],\"menuIcon\":[\"\"],\"routeUrl\":[\"\"],\"routeView\":[\"\"],\"menuType\":[\"\"],\"perm\":[\"\"],\"orderNum\":[\"\"],\"enableFlag\":[\"\"],\"size\":[\"10\"],\"page\":[\"1\"]}', 837, NULL, '2022-08-05 09:33:15', 'admin', '2022-08-05 09:33:15', 'admin', 0);
INSERT INTO `sys_log` VALUES (310458210211332096, 'SYS', '系统用户管理', '分页查询', 2, 292798030246051840, 1, '0:0:0:0:0:0:0:1', 'top.zsmile.modules.sys.controller.SysUserController.list', NULL, 'GET', '{\"id\":[\"\"],\"tenantId\":[\"\"],\"username\":[\"\"],\"realName\":[\"\"],\"password\":[\"\"],\"salt\":[\"\"],\"enableFlag\":[\"\"],\"remark\":[\"\"],\"size\":[\"10\"],\"page\":[\"1\"]}', 13, NULL, '2022-08-05 09:34:34', 'admin', '2022-08-05 09:34:34', 'admin', 0);
INSERT INTO `sys_log` VALUES (310458212782440448, 'SYS', '角色管理', '分页查询', 2, 292798030246051840, 1, '0:0:0:0:0:0:0:1', 'top.zsmile.modules.sys.controller.SysRoleController.list', NULL, 'GET', '{\"id\":[\"\"],\"tenantId\":[\"\"],\"roleName\":[\"\"],\"size\":[\"10\"],\"page\":[\"1\"]}', 24, NULL, '2022-08-05 09:34:35', 'admin', '2022-08-05 09:34:35', 'admin', 0);
INSERT INTO `sys_log` VALUES (310458370358247424, 'SYS', '角色管理', '分页查询', 2, 292798030246051840, 1, '0:0:0:0:0:0:0:1', 'top.zsmile.modules.sys.controller.SysRoleController.list', NULL, 'GET', '{\"id\":[\"\"],\"tenantId\":[\"\"],\"roleName\":[\"\"],\"size\":[\"10\"],\"page\":[\"1\"]}', 12, NULL, '2022-08-05 09:35:12', 'admin', '2022-08-05 09:35:12', 'admin', 0);
INSERT INTO `sys_log` VALUES (310458493788225536, 'SYS', '角色管理', '分页查询', 2, 292798030246051840, 1, '0:0:0:0:0:0:0:1', 'top.zsmile.modules.sys.controller.SysRoleController.list', NULL, 'GET', '{\"id\":[\"\"],\"tenantId\":[\"\"],\"roleName\":[\"\"],\"size\":[\"10\"],\"page\":[\"1\"]}', 15, NULL, '2022-08-05 09:35:42', 'admin', '2022-08-05 09:35:42', 'admin', 0);
INSERT INTO `sys_log` VALUES (310458496288030720, 'SYS', '角色管理', '获取角色授权信息', 2, 292798030246051840, 1, '0:0:0:0:0:0:0:1', 'top.zsmile.modules.sys.controller.SysRoleController.roleMenu', NULL, 'GET', '{}', 43, NULL, '2022-08-05 09:35:42', 'admin', '2022-08-05 09:35:42', 'admin', 0);
INSERT INTO `sys_log` VALUES (310458534493945856, 'SYS', '角色管理', '分页查询', 2, 292798030246051840, 1, '0:0:0:0:0:0:0:1', 'top.zsmile.modules.sys.controller.SysRoleController.list', NULL, 'GET', '{\"id\":[\"\"],\"tenantId\":[\"\"],\"roleName\":[\"\"],\"size\":[\"10\"],\"page\":[\"1\"]}', 9, NULL, '2022-08-05 09:35:52', 'admin', '2022-08-05 09:35:52', 'admin', 0);
INSERT INTO `sys_log` VALUES (310458539342561280, 'SYS', '角色管理', '获取角色授权信息', 2, 292798030246051840, 1, '0:0:0:0:0:0:0:1', 'top.zsmile.modules.sys.controller.SysRoleController.roleMenu', NULL, 'GET', '{}', 11, NULL, '2022-08-05 09:35:53', 'admin', '2022-08-05 09:35:53', 'admin', 0);
INSERT INTO `sys_log` VALUES (310458712533762048, 'SYS', '角色管理', '分页查询', 2, 292798030246051840, 1, '0:0:0:0:0:0:0:1', 'top.zsmile.modules.sys.controller.SysRoleController.list', NULL, 'GET', '{\"id\":[\"\"],\"tenantId\":[\"\"],\"roleName\":[\"\"],\"size\":[\"10\"],\"page\":[\"1\"]}', 10, NULL, '2022-08-05 09:36:34', 'admin', '2022-08-05 09:36:34', 'admin', 0);
INSERT INTO `sys_log` VALUES (310458714467336192, 'SYS', '角色管理', '获取角色授权信息', 2, 292798030246051840, 1, '0:0:0:0:0:0:0:1', 'top.zsmile.modules.sys.controller.SysRoleController.roleMenu', NULL, 'GET', '{}', 9, NULL, '2022-08-05 09:36:34', 'admin', '2022-08-05 09:36:34', 'admin', 0);
INSERT INTO `sys_log` VALUES (310458946861137920, 'SYS', '角色管理', '分页查询', 2, 292798030246051840, 1, '0:0:0:0:0:0:0:1', 'top.zsmile.modules.sys.controller.SysRoleController.list', NULL, 'GET', '{\"id\":[\"\"],\"tenantId\":[\"\"],\"roleName\":[\"\"],\"size\":[\"10\"],\"page\":[\"1\"]}', 12, NULL, '2022-08-05 09:37:30', 'admin', '2022-08-05 09:37:30', 'admin', 0);
INSERT INTO `sys_log` VALUES (310458949251891200, 'SYS', '角色管理', '获取角色授权信息', 2, 292798030246051840, 1, '0:0:0:0:0:0:0:1', 'top.zsmile.modules.sys.controller.SysRoleController.roleMenu', NULL, 'GET', '{}', 9, NULL, '2022-08-05 09:37:30', 'admin', '2022-08-05 09:37:30', 'admin', 0);
INSERT INTO `sys_log` VALUES (310459389884497920, 'SYS', '角色管理', '获取角色授权信息', 2, 292798030246051840, 1, '0:0:0:0:0:0:0:1', 'top.zsmile.modules.sys.controller.SysRoleController.roleMenu', NULL, 'GET', '{}', 13, NULL, '2022-08-05 09:39:15', 'admin', '2022-08-05 09:39:15', 'admin', 0);
INSERT INTO `sys_log` VALUES (310459536035020800, 'SYS', '角色管理', '分页查询', 2, 292798030246051840, 1, '0:0:0:0:0:0:0:1', 'top.zsmile.modules.sys.controller.SysRoleController.list', NULL, 'GET', '{\"id\":[\"\"],\"tenantId\":[\"\"],\"roleName\":[\"\"],\"size\":[\"10\"],\"page\":[\"1\"]}', 8, NULL, '2022-08-05 09:39:50', 'admin', '2022-08-05 09:39:50', 'admin', 0);
INSERT INTO `sys_log` VALUES (310459542225813504, 'SYS', '角色管理', '分页查询', 2, 292798030246051840, 1, '0:0:0:0:0:0:0:1', 'top.zsmile.modules.sys.controller.SysRoleController.list', NULL, 'GET', '{\"id\":[\"\"],\"tenantId\":[\"\"],\"roleName\":[\"\"],\"size\":[\"10\"],\"page\":[\"1\"]}', 10, NULL, '2022-08-05 09:39:52', 'admin', '2022-08-05 09:39:52', 'admin', 0);
INSERT INTO `sys_log` VALUES (310459547451916288, 'SYS', '角色管理', '获取角色授权信息', 2, 292798030246051840, 1, '0:0:0:0:0:0:0:1', 'top.zsmile.modules.sys.controller.SysRoleController.roleMenu', NULL, 'GET', '{}', 9, NULL, '2022-08-05 09:39:53', 'admin', '2022-08-05 09:39:53', 'admin', 0);
INSERT INTO `sys_log` VALUES (310459568574431232, 'SYS', '角色管理', '分页查询', 2, 292798030246051840, 1, '0:0:0:0:0:0:0:1', 'top.zsmile.modules.sys.controller.SysRoleController.list', NULL, 'GET', '{\"id\":[\"\"],\"tenantId\":[\"\"],\"roleName\":[\"\"],\"size\":[\"10\"],\"page\":[\"1\"]}', 12, NULL, '2022-08-05 09:39:58', 'admin', '2022-08-05 09:39:58', 'admin', 0);
INSERT INTO `sys_log` VALUES (310459572810678272, 'SYS', '角色管理', '获取角色授权信息', 2, 292798030246051840, 1, '0:0:0:0:0:0:0:1', 'top.zsmile.modules.sys.controller.SysRoleController.roleMenu', NULL, 'GET', '{}', 10, NULL, '2022-08-05 09:39:59', 'admin', '2022-08-05 09:39:59', 'admin', 0);
INSERT INTO `sys_log` VALUES (310459905528037376, 'SYS', '角色管理', '分页查询', 2, 292798030246051840, 1, '0:0:0:0:0:0:0:1', 'top.zsmile.modules.sys.controller.SysRoleController.list', NULL, 'GET', '{\"id\":[\"\"],\"tenantId\":[\"\"],\"roleName\":[\"\"],\"size\":[\"10\"],\"page\":[\"1\"]}', 14, NULL, '2022-08-05 09:41:18', 'admin', '2022-08-05 09:41:18', 'admin', 0);
INSERT INTO `sys_log` VALUES (310459910250823680, 'SYS', '角色管理', '获取角色授权信息', 2, 292798030246051840, 1, '0:0:0:0:0:0:0:1', 'top.zsmile.modules.sys.controller.SysRoleController.roleMenu', NULL, 'GET', '{}', 22, NULL, '2022-08-05 09:41:20', 'admin', '2022-08-05 09:41:20', 'admin', 0);
INSERT INTO `sys_log` VALUES (310460701854400512, 'SYS', '角色管理', '分页查询', 2, 292798030246051840, 1, '0:0:0:0:0:0:0:1', 'top.zsmile.modules.sys.controller.SysRoleController.list', NULL, 'GET', '{\"id\":[\"\"],\"tenantId\":[\"\"],\"roleName\":[\"\"],\"size\":[\"10\"],\"page\":[\"1\"]}', 13, NULL, '2022-08-05 09:44:28', 'admin', '2022-08-05 09:44:28', 'admin', 0);
INSERT INTO `sys_log` VALUES (310460704521977856, 'SYS', '角色管理', '获取角色授权信息', 2, 292798030246051840, 1, '0:0:0:0:0:0:0:1', 'top.zsmile.modules.sys.controller.SysRoleController.roleMenu', NULL, 'GET', '{}', 9, NULL, '2022-08-05 09:44:29', 'admin', '2022-08-05 09:44:29', 'admin', 0);
INSERT INTO `sys_log` VALUES (310462398907547648, 'SYS', '角色管理', '获取角色授权信息', 2, 292798030246051840, 1, '0:0:0:0:0:0:0:1', 'top.zsmile.modules.sys.controller.SysRoleController.roleMenu', NULL, 'GET', '{}', 11, NULL, '2022-08-05 09:51:13', 'admin', '2022-08-05 09:51:13', 'admin', 0);
INSERT INTO `sys_log` VALUES (310462432856244224, 'SYS', '角色管理', '分页查询', 2, 292798030246051840, 1, '0:0:0:0:0:0:0:1', 'top.zsmile.modules.sys.controller.SysRoleController.list', NULL, 'GET', '{\"id\":[\"\"],\"tenantId\":[\"\"],\"roleName\":[\"\"],\"size\":[\"10\"],\"page\":[\"1\"]}', 11, NULL, '2022-08-05 09:51:21', 'admin', '2022-08-05 09:51:21', 'admin', 0);
INSERT INTO `sys_log` VALUES (310462440154333184, 'SYS', '角色管理', '获取角色授权信息', 2, 292798030246051840, 1, '0:0:0:0:0:0:0:1', 'top.zsmile.modules.sys.controller.SysRoleController.roleMenu', NULL, 'GET', '{}', 7, NULL, '2022-08-05 09:51:23', 'admin', '2022-08-05 09:51:23', 'admin', 0);
INSERT INTO `sys_log` VALUES (310462513164582912, 'SYS', '角色管理', '分页查询', 2, 292798030246051840, 1, '0:0:0:0:0:0:0:1', 'top.zsmile.modules.sys.controller.SysRoleController.list', NULL, 'GET', '{\"id\":[\"\"],\"tenantId\":[\"\"],\"roleName\":[\"\"],\"size\":[\"10\"],\"page\":[\"1\"]}', 10, NULL, '2022-08-05 09:51:40', 'admin', '2022-08-05 09:51:40', 'admin', 0);
INSERT INTO `sys_log` VALUES (310462516306116608, 'SYS', '角色管理', '获取角色授权信息', 2, 292798030246051840, 1, '0:0:0:0:0:0:0:1', 'top.zsmile.modules.sys.controller.SysRoleController.roleMenu', NULL, 'GET', '{}', 8, NULL, '2022-08-05 09:51:41', 'admin', '2022-08-05 09:51:41', 'admin', 0);
INSERT INTO `sys_log` VALUES (310462568206434304, 'SYS', '角色管理', '分页查询', 2, 292798030246051840, 1, '0:0:0:0:0:0:0:1', 'top.zsmile.modules.sys.controller.SysRoleController.list', NULL, 'GET', '{\"id\":[\"\"],\"tenantId\":[\"\"],\"roleName\":[\"\"],\"size\":[\"10\"],\"page\":[\"1\"]}', 12, NULL, '2022-08-05 09:51:53', 'admin', '2022-08-05 09:51:53', 'admin', 0);
INSERT INTO `sys_log` VALUES (310462570014179328, 'SYS', '角色管理', '获取角色授权信息', 2, 292798030246051840, 1, '0:0:0:0:0:0:0:1', 'top.zsmile.modules.sys.controller.SysRoleController.roleMenu', NULL, 'GET', '{}', 8, NULL, '2022-08-05 09:51:54', 'admin', '2022-08-05 09:51:54', 'admin', 0);
INSERT INTO `sys_log` VALUES (310462994888785920, 'SYS', '角色管理', '分页查询', 2, 292798030246051840, 1, '0:0:0:0:0:0:0:1', 'top.zsmile.modules.sys.controller.SysRoleController.list', NULL, 'GET', '{\"id\":[\"\"],\"tenantId\":[\"\"],\"roleName\":[\"\"],\"size\":[\"10\"],\"page\":[\"1\"]}', 10, NULL, '2022-08-05 09:53:35', 'admin', '2022-08-05 09:53:35', 'admin', 0);
INSERT INTO `sys_log` VALUES (310462997262761984, 'SYS', '角色管理', '获取角色授权信息', 2, 292798030246051840, 1, '0:0:0:0:0:0:0:1', 'top.zsmile.modules.sys.controller.SysRoleController.roleMenu', NULL, 'GET', '{}', 10, NULL, '2022-08-05 09:53:36', 'admin', '2022-08-05 09:53:36', 'admin', 0);
INSERT INTO `sys_log` VALUES (310463045841190912, 'SYS', '角色管理', '分页查询', 2, 292798030246051840, 1, '0:0:0:0:0:0:0:1', 'top.zsmile.modules.sys.controller.SysRoleController.list', NULL, 'GET', '{\"id\":[\"\"],\"tenantId\":[\"\"],\"roleName\":[\"\"],\"size\":[\"10\"],\"page\":[\"1\"]}', 12, NULL, '2022-08-05 09:53:47', 'admin', '2022-08-05 09:53:47', 'admin', 0);
INSERT INTO `sys_log` VALUES (310463056096264192, 'SYS', '角色管理', '获取角色授权信息', 2, 292798030246051840, 1, '0:0:0:0:0:0:0:1', 'top.zsmile.modules.sys.controller.SysRoleController.roleMenu', NULL, 'GET', '{}', 10, NULL, '2022-08-05 09:53:50', 'admin', '2022-08-05 09:53:50', 'admin', 0);
INSERT INTO `sys_log` VALUES (310463242117840896, 'SYS', '角色管理', '分页查询', 2, 292798030246051840, 1, '0:0:0:0:0:0:0:1', 'top.zsmile.modules.sys.controller.SysRoleController.list', NULL, 'GET', '{\"id\":[\"\"],\"tenantId\":[\"\"],\"roleName\":[\"\"],\"size\":[\"10\"],\"page\":[\"1\"]}', 8, NULL, '2022-08-05 09:54:34', 'admin', '2022-08-05 09:54:34', 'admin', 0);
INSERT INTO `sys_log` VALUES (310463249994743808, 'SYS', '角色管理', '获取角色授权信息', 2, 292798030246051840, 1, '0:0:0:0:0:0:0:1', 'top.zsmile.modules.sys.controller.SysRoleController.roleMenu', NULL, 'GET', '{}', 6, NULL, '2022-08-05 09:54:36', 'admin', '2022-08-05 09:54:36', 'admin', 0);
INSERT INTO `sys_log` VALUES (310463594934304768, 'SYS', '角色管理', '分页查询', 2, 292798030246051840, 1, '0:0:0:0:0:0:0:1', 'top.zsmile.modules.sys.controller.SysRoleController.list', NULL, 'GET', '{\"id\":[\"\"],\"tenantId\":[\"\"],\"roleName\":[\"\"],\"size\":[\"10\"],\"page\":[\"1\"]}', 9, NULL, '2022-08-05 09:55:58', 'admin', '2022-08-05 09:55:58', 'admin', 0);
INSERT INTO `sys_log` VALUES (310463959121526784, 'SYS', '角色管理', '分页查询', 2, 292798030246051840, 1, '0:0:0:0:0:0:0:1', 'top.zsmile.modules.sys.controller.SysRoleController.list', NULL, 'GET', '{\"id\":[\"\"],\"tenantId\":[\"\"],\"roleName\":[\"\"],\"size\":[\"10\"],\"page\":[\"1\"]}', 7, NULL, '2022-08-05 09:57:25', 'admin', '2022-08-05 09:57:25', 'admin', 0);
INSERT INTO `sys_log` VALUES (310464186670907392, 'SYS', '角色管理', '分页查询', 2, 292798030246051840, 1, '0:0:0:0:0:0:0:1', 'top.zsmile.modules.sys.controller.SysRoleController.list', NULL, 'GET', '{\"id\":[\"\"],\"tenantId\":[\"\"],\"roleName\":[\"\"],\"size\":[\"10\"],\"page\":[\"1\"]}', 7, NULL, '2022-08-05 09:58:19', 'admin', '2022-08-05 09:58:19', 'admin', 0);
INSERT INTO `sys_log` VALUES (310465184621658112, 'SYS', '角色管理', '获取角色授权信息', 2, 292798030246051840, 1, '0:0:0:0:0:0:0:1', 'top.zsmile.modules.sys.controller.SysRoleController.roleMenu', NULL, 'GET', '{}', 20, NULL, '2022-08-05 10:02:17', 'admin', '2022-08-05 10:02:17', 'admin', 0);
INSERT INTO `sys_log` VALUES (310465214254415872, 'SYS', '角色管理', '分页查询', 2, 292798030246051840, 1, '0:0:0:0:0:0:0:1', 'top.zsmile.modules.sys.controller.SysRoleController.list', NULL, 'GET', '{\"id\":[\"\"],\"tenantId\":[\"\"],\"roleName\":[\"\"],\"size\":[\"10\"],\"page\":[\"1\"]}', 27, NULL, '2022-08-05 10:02:24', 'admin', '2022-08-05 10:02:24', 'admin', 0);
INSERT INTO `sys_log` VALUES (310465220403265536, 'SYS', '角色管理', '获取角色授权信息', 2, 292798030246051840, 1, '0:0:0:0:0:0:0:1', 'top.zsmile.modules.sys.controller.SysRoleController.roleMenu', NULL, 'GET', '{}', 17, NULL, '2022-08-05 10:02:26', 'admin', '2022-08-05 10:02:26', 'admin', 0);
INSERT INTO `sys_log` VALUES (310465432081399808, 'SYS', '角色管理', '分页查询', 2, 292798030246051840, 1, '0:0:0:0:0:0:0:1', 'top.zsmile.modules.sys.controller.SysRoleController.list', NULL, 'GET', '{\"id\":[\"\"],\"tenantId\":[\"\"],\"roleName\":[\"\"],\"size\":[\"10\"],\"page\":[\"1\"]}', 10, NULL, '2022-08-05 10:03:16', 'admin', '2022-08-05 10:03:16', 'admin', 0);
INSERT INTO `sys_log` VALUES (310465437554966528, 'SYS', '角色管理', '获取角色授权信息', 2, 292798030246051840, 1, '0:0:0:0:0:0:0:1', 'top.zsmile.modules.sys.controller.SysRoleController.roleMenu', NULL, 'GET', '{}', 16, NULL, '2022-08-05 10:03:17', 'admin', '2022-08-05 10:03:17', 'admin', 0);
INSERT INTO `sys_log` VALUES (310465702379126784, 'SYS', '角色管理', '分页查询', 2, 292798030246051840, 1, '0:0:0:0:0:0:0:1', 'top.zsmile.modules.sys.controller.SysRoleController.list', NULL, 'GET', '{\"id\":[\"\"],\"tenantId\":[\"\"],\"roleName\":[\"\"],\"size\":[\"10\"],\"page\":[\"1\"]}', 14, NULL, '2022-08-05 10:04:21', 'admin', '2022-08-05 10:04:21', 'admin', 0);
INSERT INTO `sys_log` VALUES (310465708863520768, 'SYS', '角色管理', '获取角色授权信息', 2, 292798030246051840, 1, '0:0:0:0:0:0:0:1', 'top.zsmile.modules.sys.controller.SysRoleController.roleMenu', NULL, 'GET', '{}', 14, NULL, '2022-08-05 10:04:22', 'admin', '2022-08-05 10:04:22', 'admin', 0);
INSERT INTO `sys_log` VALUES (310476709818269696, 'SYS', '角色管理', '分页查询', 2, 292798030246051840, 1, '0:0:0:0:0:0:0:1', 'top.zsmile.modules.sys.controller.SysRoleController.list', NULL, 'GET', '{\"id\":[\"\"],\"tenantId\":[\"\"],\"roleName\":[\"\"],\"size\":[\"10\"],\"page\":[\"1\"]}', 13, NULL, '2022-08-05 10:48:05', 'admin', '2022-08-05 10:48:05', 'admin', 0);
INSERT INTO `sys_log` VALUES (310476713547005952, 'SYS', '角色管理', '获取角色授权信息', 2, 292798030246051840, 1, '0:0:0:0:0:0:0:1', 'top.zsmile.modules.sys.controller.SysRoleController.roleMenu', NULL, 'GET', '{}', 14, NULL, '2022-08-05 10:48:06', 'admin', '2022-08-05 10:48:06', 'admin', 0);
INSERT INTO `sys_log` VALUES (310476895865012224, 'SYS', '角色管理', '分页查询', 2, 292798030246051840, 1, '0:0:0:0:0:0:0:1', 'top.zsmile.modules.sys.controller.SysRoleController.list', NULL, 'GET', '{\"id\":[\"\"],\"tenantId\":[\"\"],\"roleName\":[\"\"],\"size\":[\"10\"],\"page\":[\"1\"]}', 11, NULL, '2022-08-05 10:48:49', 'admin', '2022-08-05 10:48:49', 'admin', 0);
INSERT INTO `sys_log` VALUES (310476896934559744, 'SYS', '角色管理', '获取角色授权信息', 2, 292798030246051840, 1, '0:0:0:0:0:0:0:1', 'top.zsmile.modules.sys.controller.SysRoleController.roleMenu', NULL, 'GET', '{}', 13, NULL, '2022-08-05 10:48:49', 'admin', '2022-08-05 10:48:49', 'admin', 0);
INSERT INTO `sys_log` VALUES (310477085279780864, 'SYS', '角色管理', '分页查询', 2, 292798030246051840, 1, '0:0:0:0:0:0:0:1', 'top.zsmile.modules.sys.controller.SysRoleController.list', NULL, 'GET', '{\"id\":[\"\"],\"tenantId\":[\"\"],\"roleName\":[\"\"],\"size\":[\"10\"],\"page\":[\"1\"]}', 11, NULL, '2022-08-05 10:49:34', 'admin', '2022-08-05 10:49:34', 'admin', 0);
INSERT INTO `sys_log` VALUES (310477088429703168, 'SYS', '角色管理', '获取角色授权信息', 2, 292798030246051840, 1, '0:0:0:0:0:0:0:1', 'top.zsmile.modules.sys.controller.SysRoleController.roleMenu', NULL, 'GET', '{}', 8, NULL, '2022-08-05 10:49:35', 'admin', '2022-08-05 10:49:35', 'admin', 0);
INSERT INTO `sys_log` VALUES (310477111536123904, 'SYS', '角色管理', '获取角色授权信息', 2, 292798030246051840, 1, '0:0:0:0:0:0:0:1', 'top.zsmile.modules.sys.controller.SysRoleController.roleMenu', NULL, 'GET', '{}', 8, NULL, '2022-08-05 10:49:41', 'admin', '2022-08-05 10:49:41', 'admin', 0);
INSERT INTO `sys_log` VALUES (310477118276370432, 'SYS', '角色管理', '分页查询', 2, 292798030246051840, 1, '0:0:0:0:0:0:0:1', 'top.zsmile.modules.sys.controller.SysRoleController.list', NULL, 'GET', '{\"id\":[\"\"],\"tenantId\":[\"\"],\"roleName\":[\"\"],\"size\":[\"10\"],\"page\":[\"1\"]}', 11, NULL, '2022-08-05 10:49:42', 'admin', '2022-08-05 10:49:42', 'admin', 0);
INSERT INTO `sys_log` VALUES (310477124223893504, 'SYS', '角色管理', '获取角色授权信息', 2, 292798030246051840, 1, '0:0:0:0:0:0:0:1', 'top.zsmile.modules.sys.controller.SysRoleController.roleMenu', NULL, 'GET', '{}', 8, NULL, '2022-08-05 10:49:44', 'admin', '2022-08-05 10:49:44', 'admin', 0);
INSERT INTO `sys_log` VALUES (310479314116149248, 'SYS', '角色管理', '分页查询', 2, 292798030246051840, 1, '0:0:0:0:0:0:0:1', 'top.zsmile.modules.sys.controller.SysRoleController.list', NULL, 'GET', '{\"id\":[\"\"],\"tenantId\":[\"\"],\"roleName\":[\"\"],\"size\":[\"10\"],\"page\":[\"1\"]}', 10, NULL, '2022-08-05 10:58:26', 'admin', '2022-08-05 10:58:26', 'admin', 0);
INSERT INTO `sys_log` VALUES (310479348815626240, 'SYS', '角色管理', '获取角色授权信息', 2, 292798030246051840, 1, '0:0:0:0:0:0:0:1', 'top.zsmile.modules.sys.controller.SysRoleController.roleMenu', NULL, 'GET', '{}', 8, NULL, '2022-08-05 10:58:34', 'admin', '2022-08-05 10:58:34', 'admin', 0);
INSERT INTO `sys_log` VALUES (310479759630925824, 'SYS', '角色管理', '分页查询', 2, 292798030246051840, 1, '0:0:0:0:0:0:0:1', 'top.zsmile.modules.sys.controller.SysRoleController.list', NULL, 'GET', '{\"id\":[\"\"],\"tenantId\":[\"\"],\"roleName\":[\"\"],\"size\":[\"10\"],\"page\":[\"1\"]}', 9, NULL, '2022-08-05 11:00:12', 'admin', '2022-08-05 11:00:12', 'admin', 0);
INSERT INTO `sys_log` VALUES (310479761962958848, 'SYS', '角色管理', '获取角色授权信息', 2, 292798030246051840, 1, '0:0:0:0:0:0:0:1', 'top.zsmile.modules.sys.controller.SysRoleController.roleMenu', NULL, 'GET', '{}', 8, NULL, '2022-08-05 11:00:13', 'admin', '2022-08-05 11:00:13', 'admin', 0);
INSERT INTO `sys_log` VALUES (310479810226814976, 'SYS', '角色管理', '分页查询', 2, 292798030246051840, 1, '0:0:0:0:0:0:0:1', 'top.zsmile.modules.sys.controller.SysRoleController.list', NULL, 'GET', '{\"id\":[\"\"],\"tenantId\":[\"\"],\"roleName\":[\"\"],\"size\":[\"10\"],\"page\":[\"1\"]}', 10, NULL, '2022-08-05 11:00:24', 'admin', '2022-08-05 11:00:24', 'admin', 0);
INSERT INTO `sys_log` VALUES (310479812412047360, 'SYS', '角色管理', '获取角色授权信息', 2, 292798030246051840, 1, '0:0:0:0:0:0:0:1', 'top.zsmile.modules.sys.controller.SysRoleController.roleMenu', NULL, 'GET', '{}', 6, NULL, '2022-08-05 11:00:25', 'admin', '2022-08-05 11:00:25', 'admin', 0);
INSERT INTO `sys_log` VALUES (310479918058176512, 'SYS', '角色管理', '分页查询', 2, 292798030246051840, 1, '0:0:0:0:0:0:0:1', 'top.zsmile.modules.sys.controller.SysRoleController.list', NULL, 'GET', '{\"id\":[\"\"],\"tenantId\":[\"\"],\"roleName\":[\"\"],\"size\":[\"10\"],\"page\":[\"1\"]}', 9, NULL, '2022-08-05 11:00:50', 'admin', '2022-08-05 11:00:50', 'admin', 0);
INSERT INTO `sys_log` VALUES (310479967110561792, 'SYS', '角色管理', '分页查询', 2, 292798030246051840, 1, '0:0:0:0:0:0:0:1', 'top.zsmile.modules.sys.controller.SysRoleController.list', NULL, 'GET', '{\"id\":[\"\"],\"tenantId\":[\"\"],\"roleName\":[\"\"],\"size\":[\"10\"],\"page\":[\"1\"]}', 10, NULL, '2022-08-05 11:01:01', 'admin', '2022-08-05 11:01:01', 'admin', 0);
INSERT INTO `sys_log` VALUES (310480014300676096, 'SYS', '角色管理', '分页查询', 2, 292798030246051840, 1, '0:0:0:0:0:0:0:1', 'top.zsmile.modules.sys.controller.SysRoleController.list', NULL, 'GET', '{\"id\":[\"\"],\"tenantId\":[\"\"],\"roleName\":[\"\"],\"size\":[\"10\"],\"page\":[\"1\"]}', 11, NULL, '2022-08-05 11:01:13', 'admin', '2022-08-05 11:01:13', 'admin', 0);
INSERT INTO `sys_log` VALUES (310480033762246656, 'SYS', '角色管理', '获取角色授权信息', 2, 292798030246051840, 1, '0:0:0:0:0:0:0:1', 'top.zsmile.modules.sys.controller.SysRoleController.roleMenu', NULL, 'GET', '{}', 9, NULL, '2022-08-05 11:01:17', 'admin', '2022-08-05 11:01:17', 'admin', 0);
INSERT INTO `sys_log` VALUES (310480108546686976, 'SYS', '角色管理', '分页查询', 2, 292798030246051840, 1, '0:0:0:0:0:0:0:1', 'top.zsmile.modules.sys.controller.SysRoleController.list', NULL, 'GET', '{\"id\":[\"\"],\"tenantId\":[\"\"],\"roleName\":[\"\"],\"size\":[\"10\"],\"page\":[\"1\"]}', 8, NULL, '2022-08-05 11:01:35', 'admin', '2022-08-05 11:01:35', 'admin', 0);
INSERT INTO `sys_log` VALUES (310480112376086528, 'SYS', '角色管理', '获取角色授权信息', 2, 292798030246051840, 1, '0:0:0:0:0:0:0:1', 'top.zsmile.modules.sys.controller.SysRoleController.roleMenu', NULL, 'GET', '{}', 10, NULL, '2022-08-05 11:01:36', 'admin', '2022-08-05 11:01:36', 'admin', 0);
INSERT INTO `sys_log` VALUES (310488514221309952, 'SYS', '角色管理', '分页查询', 2, 292798030246051840, 1, '0:0:0:0:0:0:0:1', 'top.zsmile.modules.sys.controller.SysRoleController.list', NULL, 'GET', '{\"id\":[\"\"],\"tenantId\":[\"\"],\"roleName\":[\"\"],\"size\":[\"10\"],\"page\":[\"1\"]}', 27, NULL, '2022-08-05 11:34:59', 'admin', '2022-08-05 11:34:59', 'admin', 0);
INSERT INTO `sys_log` VALUES (310488520089141248, 'SYS', '角色管理', '获取角色授权信息', 2, 292798030246051840, 1, '0:0:0:0:0:0:0:1', 'top.zsmile.modules.sys.controller.SysRoleController.roleMenu', NULL, 'GET', '{}', 19, NULL, '2022-08-05 11:35:01', 'admin', '2022-08-05 11:35:01', 'admin', 0);
INSERT INTO `sys_log` VALUES (310488795726217216, 'SYS', '角色管理', '分页查询', 2, 292798030246051840, 1, '0:0:0:0:0:0:0:1', 'top.zsmile.modules.sys.controller.SysRoleController.list', NULL, 'GET', '{\"id\":[\"\"],\"tenantId\":[\"\"],\"roleName\":[\"\"],\"size\":[\"10\"],\"page\":[\"1\"]}', 16, NULL, '2022-08-05 11:36:06', 'admin', '2022-08-05 11:36:06', 'admin', 0);
INSERT INTO `sys_log` VALUES (310488830383751168, 'SYS', '角色管理', '获取角色授权信息', 2, 292798030246051840, 1, '0:0:0:0:0:0:0:1', 'top.zsmile.modules.sys.controller.SysRoleController.roleMenu', NULL, 'GET', '{}', 11, NULL, '2022-08-05 11:36:15', 'admin', '2022-08-05 11:36:15', 'admin', 0);
INSERT INTO `sys_log` VALUES (310489437505060864, 'SYS', '角色管理', '分页查询', 2, 292798030246051840, 1, '0:0:0:0:0:0:0:1', 'top.zsmile.modules.sys.controller.SysRoleController.list', NULL, 'GET', '{\"id\":[\"\"],\"tenantId\":[\"\"],\"roleName\":[\"\"],\"size\":[\"10\"],\"page\":[\"1\"]}', 19, NULL, '2022-08-05 11:38:39', 'admin', '2022-08-05 11:38:39', 'admin', 0);
INSERT INTO `sys_log` VALUES (310489476679860224, 'SYS', '角色管理', '分页查询', 2, 292798030246051840, 1, '0:0:0:0:0:0:0:1', 'top.zsmile.modules.sys.controller.SysRoleController.list', NULL, 'GET', '{\"id\":[\"\"],\"tenantId\":[\"\"],\"roleName\":[\"\"],\"size\":[\"10\"],\"page\":[\"1\"]}', 17, NULL, '2022-08-05 11:38:49', 'admin', '2022-08-05 11:38:49', 'admin', 0);
INSERT INTO `sys_log` VALUES (310489570854567936, 'SYS', '角色管理', '获取角色授权信息', 2, 292798030246051840, 1, '0:0:0:0:0:0:0:1', 'top.zsmile.modules.sys.controller.SysRoleController.roleMenu', NULL, 'GET', '{}', 19, NULL, '2022-08-05 11:39:11', 'admin', '2022-08-05 11:39:11', 'admin', 0);
INSERT INTO `sys_log` VALUES (310489615146418176, 'SYS', '角色管理', '保存角色授权信息', 2, 292798030246051840, 2, '0:0:0:0:0:0:0:1', 'top.zsmile.modules.sys.controller.SysRoleController.save', NULL, 'POST', '[{\"menuIds\":[298867137412333568,298866286056837120,298866286056837121,298866286056837122,298866286056837123,298866286056837124,298866286077808640,298866286077808641,298866286077808642,298866286077808643,298866286077808644,298866286098780160,298866286098780161,298866286098780162,298866286098780163,298866286098780164,298866286115557376,298866286115557377,298866286115557378,298866286115557379,298866286115557380,298878824412610560],\"roleId\":310185715658915840}]', 4487, NULL, '2022-08-05 11:39:22', 'admin', '2022-08-05 11:39:22', 'admin', 0);
INSERT INTO `sys_log` VALUES (310489615330967552, 'SYS', '角色管理', '分页查询', 2, 292798030246051840, 1, '0:0:0:0:0:0:0:1', 'top.zsmile.modules.sys.controller.SysRoleController.list', NULL, 'GET', '{\"id\":[\"\"],\"tenantId\":[\"\"],\"roleName\":[\"\"],\"size\":[\"10\"],\"page\":[\"1\"]}', 12, NULL, '2022-08-05 11:39:22', 'admin', '2022-08-05 11:39:22', 'admin', 0);
INSERT INTO `sys_log` VALUES (310489637715968000, 'SYS', '角色管理', '获取角色授权信息', 2, 292798030246051840, 1, '0:0:0:0:0:0:0:1', 'top.zsmile.modules.sys.controller.SysRoleController.roleMenu', NULL, 'GET', '{}', 10, NULL, '2022-08-05 11:39:27', 'admin', '2022-08-05 11:39:27', 'admin', 0);
INSERT INTO `sys_log` VALUES (310489795153362944, 'SYS', '角色管理', '获取角色授权信息', 2, 292798030246051840, 1, '0:0:0:0:0:0:0:1', 'top.zsmile.modules.sys.controller.SysRoleController.roleMenu', NULL, 'GET', '{}', 8, NULL, '2022-08-05 11:40:05', 'admin', '2022-08-05 11:40:05', 'admin', 0);
INSERT INTO `sys_log` VALUES (310489840846110720, 'SYS', '角色管理', '保存角色授权信息', 2, 292798030246051840, 2, '0:0:0:0:0:0:0:1', 'top.zsmile.modules.sys.controller.SysRoleController.save', NULL, 'POST', '[{\"menuIds\":[298866286056837120,298866286056837121,298866286056837122,298866286056837123,298866286056837124,298866286077808641,298866286098780160,298866286098780161,298866286098780162,298866286098780163,298866286098780164,298866286115557376,298866286115557377,298866286115557378,298866286115557379,298866286115557380,298878824412610560,298867137412333568,298866286077808640],\"roleId\":310185715658915840}]', 3298, NULL, '2022-08-05 11:40:16', 'admin', '2022-08-05 11:40:16', 'admin', 0);
INSERT INTO `sys_log` VALUES (310489841286512640, 'SYS', '角色管理', '分页查询', 2, 292798030246051840, 1, '0:0:0:0:0:0:0:1', 'top.zsmile.modules.sys.controller.SysRoleController.list', NULL, 'GET', '{\"id\":[\"\"],\"tenantId\":[\"\"],\"roleName\":[\"\"],\"size\":[\"10\"],\"page\":[\"1\"]}', 8, NULL, '2022-08-05 11:40:16', 'admin', '2022-08-05 11:40:16', 'admin', 0);
INSERT INTO `sys_log` VALUES (310489848223891456, 'SYS', '角色管理', '获取角色授权信息', 2, 292798030246051840, 1, '0:0:0:0:0:0:0:1', 'top.zsmile.modules.sys.controller.SysRoleController.roleMenu', NULL, 'GET', '{}', 5, NULL, '2022-08-05 11:40:17', 'admin', '2022-08-05 11:40:17', 'admin', 0);
INSERT INTO `sys_log` VALUES (310489906948341760, 'SYS', '角色管理', '保存角色授权信息', 2, 292798030246051840, 2, '0:0:0:0:0:0:0:1', 'top.zsmile.modules.sys.controller.SysRoleController.save', NULL, 'POST', '[{\"menuIds\":[298866286056837120,298866286056837121,298866286056837122,298866286056837123,298866286056837124,298866286098780160,298866286098780161,298866286098780162,298866286098780163,298866286098780164,298866286115557376,298866286115557377,298866286115557378,298866286115557379,298866286115557380,298878824412610560,298867137412333568],\"roleId\":310185715658915840}]', 11, NULL, '2022-08-05 11:40:31', 'admin', '2022-08-05 11:40:31', 'admin', 0);
INSERT INTO `sys_log` VALUES (310489907141279744, 'SYS', '角色管理', '分页查询', 2, 292798030246051840, 1, '0:0:0:0:0:0:0:1', 'top.zsmile.modules.sys.controller.SysRoleController.list', NULL, 'GET', '{\"id\":[\"\"],\"tenantId\":[\"\"],\"roleName\":[\"\"],\"size\":[\"10\"],\"page\":[\"1\"]}', 9, NULL, '2022-08-05 11:40:31', 'admin', '2022-08-05 11:40:31', 'admin', 0);
INSERT INTO `sys_log` VALUES (310489912128307200, 'SYS', '角色管理', '获取角色授权信息', 2, 292798030246051840, 1, '0:0:0:0:0:0:0:1', 'top.zsmile.modules.sys.controller.SysRoleController.roleMenu', NULL, 'GET', '{}', 6, NULL, '2022-08-05 11:40:33', 'admin', '2022-08-05 11:40:33', 'admin', 0);
INSERT INTO `sys_log` VALUES (310489955505799168, 'SYS', '角色管理', '保存角色授权信息', 2, 292798030246051840, 2, '0:0:0:0:0:0:0:1', 'top.zsmile.modules.sys.controller.SysRoleController.save', NULL, 'POST', '[{\"menuIds\":[298866286077808641,308038523393409024,298867137412333568,298866286077808640],\"roleId\":310185715658915840}]', 12, NULL, '2022-08-05 11:40:43', 'admin', '2022-08-05 11:40:43', 'admin', 0);
INSERT INTO `sys_log` VALUES (310489955677765632, 'SYS', '角色管理', '分页查询', 2, 292798030246051840, 1, '0:0:0:0:0:0:0:1', 'top.zsmile.modules.sys.controller.SysRoleController.list', NULL, 'GET', '{\"id\":[\"\"],\"tenantId\":[\"\"],\"roleName\":[\"\"],\"size\":[\"10\"],\"page\":[\"1\"]}', 8, NULL, '2022-08-05 11:40:43', 'admin', '2022-08-05 11:40:43', 'admin', 0);
INSERT INTO `sys_log` VALUES (310489961507848192, 'SYS', '角色管理', '获取角色授权信息', 2, 292798030246051840, 1, '0:0:0:0:0:0:0:1', 'top.zsmile.modules.sys.controller.SysRoleController.roleMenu', NULL, 'GET', '{}', 7, NULL, '2022-08-05 11:40:44', 'admin', '2022-08-05 11:40:44', 'admin', 0);
INSERT INTO `sys_log` VALUES (310490023235420160, 'SYS', '角色管理', '获取角色授权信息', 2, 292798030246051840, 1, '0:0:0:0:0:0:0:1', 'top.zsmile.modules.sys.controller.SysRoleController.roleMenu', NULL, 'GET', '{}', 7, NULL, '2022-08-05 11:40:59', 'admin', '2022-08-05 11:40:59', 'admin', 0);
INSERT INTO `sys_log` VALUES (310490045242933248, 'SYS', '角色管理', '保存角色授权信息', 2, 292798030246051840, 2, '0:0:0:0:0:0:0:1', 'top.zsmile.modules.sys.controller.SysRoleController.save', NULL, 'POST', '[{\"menuIds\":[308038523393409024],\"roleId\":310185715658915840}]', 13, NULL, '2022-08-05 11:41:04', 'admin', '2022-08-05 11:41:04', 'admin', 0);
INSERT INTO `sys_log` VALUES (310490045427482624, 'SYS', '角色管理', '分页查询', 2, 292798030246051840, 1, '0:0:0:0:0:0:0:1', 'top.zsmile.modules.sys.controller.SysRoleController.list', NULL, 'GET', '{\"id\":[\"\"],\"tenantId\":[\"\"],\"roleName\":[\"\"],\"size\":[\"10\"],\"page\":[\"1\"]}', 11, NULL, '2022-08-05 11:41:04', 'admin', '2022-08-05 11:41:04', 'admin', 0);
INSERT INTO `sys_log` VALUES (310490058798923776, 'SYS', '角色管理', '获取角色授权信息', 2, 292798030246051840, 1, '0:0:0:0:0:0:0:1', 'top.zsmile.modules.sys.controller.SysRoleController.roleMenu', NULL, 'GET', '{}', 6, NULL, '2022-08-05 11:41:08', 'admin', '2022-08-05 11:41:08', 'admin', 0);
INSERT INTO `sys_log` VALUES (310490076670853120, 'SYS', '角色管理', '保存角色授权信息', 2, 292798030246051840, 2, '0:0:0:0:0:0:0:1', 'top.zsmile.modules.sys.controller.SysRoleController.save', NULL, 'POST', '[{\"menuIds\":[298866286056837121,308038523393409024,298867137412333568,298866286056837120],\"roleId\":310185715658915840}]', 12, NULL, '2022-08-05 11:41:12', 'admin', '2022-08-05 11:41:12', 'admin', 0);
INSERT INTO `sys_log` VALUES (310490076847013888, 'SYS', '角色管理', '分页查询', 2, 292798030246051840, 1, '0:0:0:0:0:0:0:1', 'top.zsmile.modules.sys.controller.SysRoleController.list', NULL, 'GET', '{\"id\":[\"\"],\"tenantId\":[\"\"],\"roleName\":[\"\"],\"size\":[\"10\"],\"page\":[\"1\"]}', 9, NULL, '2022-08-05 11:41:12', 'admin', '2022-08-05 11:41:12', 'admin', 0);
INSERT INTO `sys_log` VALUES (310490196749582336, 'SYS', '角色管理', '获取角色授权信息', 2, 292798030246051840, 1, '0:0:0:0:0:0:0:1', 'top.zsmile.modules.sys.controller.SysRoleController.roleMenu', NULL, 'GET', '{}', 6, NULL, '2022-08-05 11:41:40', 'admin', '2022-08-05 11:41:40', 'admin', 0);
INSERT INTO `sys_log` VALUES (310490335824314368, 'SYS', '角色管理', '保存角色授权信息', 2, 292798030246051840, 2, '0:0:0:0:0:0:0:1', 'top.zsmile.modules.sys.controller.SysRoleController.save', NULL, 'POST', '[{\"menuIds\":[308038523393409024],\"roleId\":310185715658915840}]', 27839, NULL, '2022-08-05 11:42:14', 'admin', '2022-08-05 11:42:14', 'admin', 0);
INSERT INTO `sys_log` VALUES (310490335987892224, 'SYS', '角色管理', '分页查询', 2, 292798030246051840, 1, '0:0:0:0:0:0:0:1', 'top.zsmile.modules.sys.controller.SysRoleController.list', NULL, 'GET', '{\"id\":[\"\"],\"tenantId\":[\"\"],\"roleName\":[\"\"],\"size\":[\"10\"],\"page\":[\"1\"]}', 7, NULL, '2022-08-05 11:42:14', 'admin', '2022-08-05 11:42:14', 'admin', 0);
INSERT INTO `sys_log` VALUES (310490714280558592, 'SYS', '角色管理', '获取角色授权信息', 2, 292798030246051840, 1, '0:0:0:0:0:0:0:1', 'top.zsmile.modules.sys.controller.SysRoleController.roleMenu', NULL, 'GET', '{}', 21, NULL, '2022-08-05 11:43:44', 'admin', '2022-08-05 11:43:44', 'admin', 0);
INSERT INTO `sys_log` VALUES (310490751458869248, 'SYS', '角色管理', '保存角色授权信息', 2, 292798030246051840, 2, '0:0:0:0:0:0:0:1', 'top.zsmile.modules.sys.controller.SysRoleController.save', NULL, 'POST', '[{\"menuIds\":[308038523393409024],\"roleId\":310185715658915840}]', 6576, NULL, '2022-08-05 11:43:53', 'admin', '2022-08-05 11:43:53', 'admin', 0);
INSERT INTO `sys_log` VALUES (310490751672778752, 'SYS', '角色管理', '分页查询', 2, 292798030246051840, 1, '0:0:0:0:0:0:0:1', 'top.zsmile.modules.sys.controller.SysRoleController.list', NULL, 'GET', '{\"id\":[\"\"],\"tenantId\":[\"\"],\"roleName\":[\"\"],\"size\":[\"10\"],\"page\":[\"1\"]}', 18, NULL, '2022-08-05 11:43:53', 'admin', '2022-08-05 11:43:53', 'admin', 0);
INSERT INTO `sys_log` VALUES (310490811437416448, 'SYS', '角色管理', '获取角色授权信息', 2, 292798030246051840, 1, '0:0:0:0:0:0:0:1', 'top.zsmile.modules.sys.controller.SysRoleController.roleMenu', NULL, 'GET', '{}', 10, NULL, '2022-08-05 11:44:07', 'admin', '2022-08-05 11:44:07', 'admin', 0);
INSERT INTO `sys_log` VALUES (310491084528549888, 'SYS', '角色管理', '保存角色授权信息', 2, 292798030246051840, 2, '0:0:0:0:0:0:0:1', 'top.zsmile.modules.sys.controller.SysRoleController.save', NULL, 'POST', '[{\"menuIds\":[308038523393409024],\"roleId\":310185715658915840}]', 64103, NULL, '2022-08-05 11:45:12', 'admin', '2022-08-05 11:45:12', 'admin', 0);
INSERT INTO `sys_log` VALUES (310491216644931584, 'SYS', '角色管理', '保存角色授权信息', 2, 292798030246051840, 2, '0:0:0:0:0:0:0:1', 'top.zsmile.modules.sys.controller.SysRoleController.save', NULL, 'POST', '[{\"menuIds\":[308038523393409024],\"roleId\":310185715658915840}]', 2544, NULL, '2022-08-05 11:45:44', 'admin', '2022-08-05 11:45:44', 'admin', 0);
INSERT INTO `sys_log` VALUES (310491216967892992, 'SYS', '角色管理', '分页查询', 2, 292798030246051840, 1, '0:0:0:0:0:0:0:1', 'top.zsmile.modules.sys.controller.SysRoleController.list', NULL, 'GET', '{\"id\":[\"\"],\"tenantId\":[\"\"],\"roleName\":[\"\"],\"size\":[\"10\"],\"page\":[\"1\"]}', 15, NULL, '2022-08-05 11:45:44', 'admin', '2022-08-05 11:45:44', 'admin', 0);
INSERT INTO `sys_log` VALUES (310491267593142272, 'SYS', '角色管理', '获取角色授权信息', 2, 292798030246051840, 1, '0:0:0:0:0:0:0:1', 'top.zsmile.modules.sys.controller.SysRoleController.roleMenu', NULL, 'GET', '{}', 18, NULL, '2022-08-05 11:45:56', 'admin', '2022-08-05 11:45:56', 'admin', 0);
INSERT INTO `sys_log` VALUES (310491289260916736, 'SYS', '角色管理', '保存角色授权信息', 2, 292798030246051840, 2, '0:0:0:0:0:0:0:1', 'top.zsmile.modules.sys.controller.SysRoleController.save', NULL, 'POST', '[{\"menuIds\":[298866286056837120,298866286056837121,298866286056837122,298866286056837123,298866286056837124,308038523393409024,298867137412333568],\"roleId\":310185715658915840}]', 1507, NULL, '2022-08-05 11:46:01', 'admin', '2022-08-05 11:46:01', 'admin', 0);
INSERT INTO `sys_log` VALUES (310491289504186368, 'SYS', '角色管理', '分页查询', 2, 292798030246051840, 1, '0:0:0:0:0:0:0:1', 'top.zsmile.modules.sys.controller.SysRoleController.list', NULL, 'GET', '{\"id\":[\"\"],\"tenantId\":[\"\"],\"roleName\":[\"\"],\"size\":[\"10\"],\"page\":[\"1\"]}', 9, NULL, '2022-08-05 11:46:01', 'admin', '2022-08-05 11:46:01', 'admin', 0);
INSERT INTO `sys_log` VALUES (310491325164158976, 'SYS', '角色管理', '获取角色授权信息', 2, 292798030246051840, 1, '0:0:0:0:0:0:0:1', 'top.zsmile.modules.sys.controller.SysRoleController.roleMenu', NULL, 'GET', '{}', 8, NULL, '2022-08-05 11:46:09', 'admin', '2022-08-05 11:46:09', 'admin', 0);
INSERT INTO `sys_log` VALUES (310491483989868544, 'SYS', '角色管理', '分页查询', 2, 292798030246051840, 1, '0:0:0:0:0:0:0:1', 'top.zsmile.modules.sys.controller.SysRoleController.list', NULL, 'GET', '{\"id\":[\"\"],\"tenantId\":[\"\"],\"roleName\":[\"\"],\"size\":[\"10\"],\"page\":[\"1\"]}', 12, NULL, '2022-08-05 11:46:47', 'admin', '2022-08-05 11:46:47', 'admin', 0);
INSERT INTO `sys_log` VALUES (310491485789224960, 'SYS', '角色管理', '获取角色授权信息', 2, 292798030246051840, 1, '0:0:0:0:0:0:0:1', 'top.zsmile.modules.sys.controller.SysRoleController.roleMenu', NULL, 'GET', '{}', 11, NULL, '2022-08-05 11:46:48', 'admin', '2022-08-05 11:46:48', 'admin', 0);
INSERT INTO `sys_log` VALUES (310491793961517056, 'SYS', '角色管理', '获取角色授权信息', 2, 292798030246051840, 1, '0:0:0:0:0:0:0:1', 'top.zsmile.modules.sys.controller.SysRoleController.roleMenu', NULL, 'GET', '{}', 6, NULL, '2022-08-05 11:48:01', 'admin', '2022-08-05 11:48:01', 'admin', 0);
INSERT INTO `sys_log` VALUES (310491842233761792, 'SYS', '角色管理', '保存角色授权信息', 2, 292798030246051840, 2, '0:0:0:0:0:0:0:1', 'top.zsmile.modules.sys.controller.SysRoleController.save', NULL, 'POST', '[{\"menuIds\":[298866286056837121,298866286056837123,298866286056837124,308038523393409024],\"roleId\":310185715658915840}]', 6090, NULL, '2022-08-05 11:48:13', 'admin', '2022-08-05 11:48:13', 'admin', 0);
INSERT INTO `sys_log` VALUES (310491842401533952, 'SYS', '角色管理', '分页查询', 2, 292798030246051840, 1, '0:0:0:0:0:0:0:1', 'top.zsmile.modules.sys.controller.SysRoleController.list', NULL, 'GET', '{\"id\":[\"\"],\"tenantId\":[\"\"],\"roleName\":[\"\"],\"size\":[\"10\"],\"page\":[\"1\"]}', 7, NULL, '2022-08-05 11:48:13', 'admin', '2022-08-05 11:48:13', 'admin', 0);
INSERT INTO `sys_log` VALUES (310491848609103872, 'SYS', '角色管理', '获取角色授权信息', 2, 292798030246051840, 1, '0:0:0:0:0:0:0:1', 'top.zsmile.modules.sys.controller.SysRoleController.roleMenu', NULL, 'GET', '{}', 6, NULL, '2022-08-05 11:48:14', 'admin', '2022-08-05 11:48:14', 'admin', 0);
INSERT INTO `sys_log` VALUES (310493458336841728, 'SYS', '角色管理', '保存角色授权信息', 2, 292798030246051840, 2, '0:0:0:0:0:0:0:1', 'top.zsmile.modules.sys.controller.SysRoleController.save', NULL, 'POST', '[{\"menuIds\":[298866286056837121,298866286056837123,298866286056837124,308038523393409024],\"roleId\":310185715658915840}]', 43, NULL, '2022-08-05 11:54:38', 'admin', '2022-08-05 11:54:38', 'admin', 0);
INSERT INTO `sys_log` VALUES (310493458760466432, 'SYS', '角色管理', '分页查询', 2, 292798030246051840, 1, '0:0:0:0:0:0:0:1', 'top.zsmile.modules.sys.controller.SysRoleController.list', NULL, 'GET', '{\"id\":[\"\"],\"tenantId\":[\"\"],\"roleName\":[\"\"],\"size\":[\"10\"],\"page\":[\"1\"]}', 24, NULL, '2022-08-05 11:54:38', 'admin', '2022-08-05 11:54:38', 'admin', 0);
INSERT INTO `sys_log` VALUES (310493464598937600, 'SYS', '角色管理', '获取角色授权信息', 4, 292798030246051840, 1, '0:0:0:0:0:0:0:1', 'top.zsmile.modules.sys.controller.SysRoleController.roleMenu', NULL, 'GET', '{}', 78, '\r\n### Error querying database.  Cause: java.sql.SQLSyntaxErrorException: Unknown column \'menu_type\' in \'where clause\'\r\n### The error may exist in top/zsmile/modules/sys/dao/SysRoleMenuMapper.java (best guess)\r\n### The error may involve top.zsmile.modules.sys.dao.SysRoleMenuMapper.selectSingleByMap-Inline\r\n### The error occurred while setting parameters\r\n### SQL: SELECT menu_id AS menuId FROM sys_role_menu WHERE (role_id=? and menu_type=?)\r\n### Cause: java.sql.SQLSyntaxErrorException: Unknown col', '2022-08-05 11:54:40', 'admin', '2022-08-05 11:54:40', 'admin', 0);
INSERT INTO `sys_log` VALUES (310493553061003264, 'SYS', '角色管理', '保存角色授权信息', 2, 292798030246051840, 2, '0:0:0:0:0:0:0:1', 'top.zsmile.modules.sys.controller.SysRoleController.save', NULL, 'POST', '[{\"menuIds\":[298866286056837121,298866286056837123,298866286056837124,308038523393409024],\"roleId\":310185715658915840}]', 44, NULL, '2022-08-05 11:55:01', 'admin', '2022-08-05 11:55:01', 'admin', 0);
INSERT INTO `sys_log` VALUES (310493553467850752, 'SYS', '角色管理', '分页查询', 2, 292798030246051840, 1, '0:0:0:0:0:0:0:1', 'top.zsmile.modules.sys.controller.SysRoleController.list', NULL, 'GET', '{\"id\":[\"\"],\"tenantId\":[\"\"],\"roleName\":[\"\"],\"size\":[\"10\"],\"page\":[\"1\"]}', 24, NULL, '2022-08-05 11:55:01', 'admin', '2022-08-05 11:55:01', 'admin', 0);
INSERT INTO `sys_log` VALUES (310493592286134272, 'SYS', '角色管理', '获取角色授权信息', 2, 292798030246051840, 1, '0:0:0:0:0:0:0:1', 'top.zsmile.modules.sys.controller.SysRoleController.roleMenu', NULL, 'GET', '{}', 16, NULL, '2022-08-05 11:55:10', 'admin', '2022-08-05 11:55:10', 'admin', 0);
INSERT INTO `sys_log` VALUES (310493867004657664, 'SYS', '角色管理', '获取角色授权信息', 4, 292798030246051840, 1, '0:0:0:0:0:0:0:1', 'top.zsmile.modules.sys.controller.SysRoleController.roleMenu', NULL, 'GET', '{}', 77, '\r\n### Error querying database.  Cause: java.sql.SQLSyntaxErrorException: Unknown column \'menu_type\' in \'where clause\'\r\n### The error may exist in top/zsmile/modules/sys/dao/SysRoleMenuMapper.java (best guess)\r\n### The error may involve top.zsmile.modules.sys.dao.SysRoleMenuMapper.selectSingleByMap-Inline\r\n### The error occurred while setting parameters\r\n### SQL: SELECT menu_id AS menuId FROM sys_role_menu WHERE (role_id=? and menu_type=?)\r\n### Cause: java.sql.SQLSyntaxErrorException: Unknown col', '2022-08-05 11:56:15', 'admin', '2022-08-05 11:56:15', 'admin', 0);
INSERT INTO `sys_log` VALUES (310494009443221504, 'SYS', '角色管理', '获取角色授权信息', 4, 292798030246051840, 1, '0:0:0:0:0:0:0:1', 'top.zsmile.modules.sys.controller.SysRoleController.roleMenu', NULL, 'GET', '{}', 15, '\r\n### Error querying database.  Cause: java.sql.SQLSyntaxErrorException: Unknown column \'menu_type\' in \'where clause\'\r\n### The error may exist in top/zsmile/modules/sys/dao/SysRoleMenuMapper.java (best guess)\r\n### The error may involve top.zsmile.modules.sys.dao.SysRoleMenuMapper.selectSingleByMap-Inline\r\n### The error occurred while setting parameters\r\n### SQL: SELECT menu_id AS menuId FROM sys_role_menu WHERE (role_id=? and menu_type=?)\r\n### Cause: java.sql.SQLSyntaxErrorException: Unknown col', '2022-08-05 11:56:49', 'admin', '2022-08-05 11:56:49', 'admin', 0);
INSERT INTO `sys_log` VALUES (310494036995604480, 'SYS', '角色管理', '获取角色授权信息', 4, 292798030246051840, 1, '0:0:0:0:0:0:0:1', 'top.zsmile.modules.sys.controller.SysRoleController.roleMenu', NULL, 'GET', '{}', 10, '\r\n### Error querying database.  Cause: java.sql.SQLSyntaxErrorException: Unknown column \'menu_type\' in \'where clause\'\r\n### The error may exist in top/zsmile/modules/sys/dao/SysRoleMenuMapper.java (best guess)\r\n### The error may involve top.zsmile.modules.sys.dao.SysRoleMenuMapper.selectSingleByMap-Inline\r\n### The error occurred while setting parameters\r\n### SQL: SELECT menu_id AS menuId FROM sys_role_menu WHERE (role_id=? and menu_type=?)\r\n### Cause: java.sql.SQLSyntaxErrorException: Unknown col', '2022-08-05 11:56:56', 'admin', '2022-08-05 11:56:56', 'admin', 0);
INSERT INTO `sys_log` VALUES (310494583433723904, 'SYS', '系统用户管理', '分页查询', 2, 292798030246051840, 1, '0:0:0:0:0:0:0:1', 'top.zsmile.modules.sys.controller.SysUserController.list', NULL, 'GET', '{\"id\":[\"\"],\"tenantId\":[\"\"],\"username\":[\"\"],\"realName\":[\"\"],\"password\":[\"\"],\"salt\":[\"\"],\"enableFlag\":[\"\"],\"remark\":[\"\"],\"size\":[\"10\"],\"page\":[\"1\"]}', 99, NULL, '2022-08-05 11:59:06', 'admin', '2022-08-05 11:59:06', 'admin', 0);
INSERT INTO `sys_log` VALUES (310495026398363648, 'SYS', '系统用户管理', '分页查询', 2, 292798030246051840, 1, '0:0:0:0:0:0:0:1', 'top.zsmile.modules.sys.controller.SysUserController.list', NULL, 'GET', '{\"id\":[\"\"],\"tenantId\":[\"\"],\"username\":[\"\"],\"realName\":[\"\"],\"password\":[\"\"],\"salt\":[\"\"],\"enableFlag\":[\"\"],\"remark\":[\"\"],\"size\":[\"10\"],\"page\":[\"1\"]}', 12, NULL, '2022-08-05 12:00:52', 'admin', '2022-08-05 12:00:52', 'admin', 0);
INSERT INTO `sys_log` VALUES (310497203204390912, 'SYS', '系统部门', '分页查询', 2, 292798030246051840, 1, '0:0:0:0:0:0:0:1', 'top.zsmile.modules.sys.controller.SysDeptController.list', NULL, 'GET', '{\"id\":[\"\"],\"tenantId\":[\"\"],\"parentId\":[\"\"],\"deptName\":[\"\"],\"size\":[\"10\"],\"page\":[\"1\"]}', 19, NULL, '2022-08-05 12:09:31', 'admin', '2022-08-05 12:09:31', 'admin', 0);
INSERT INTO `sys_log` VALUES (310497234917523456, 'SYS', '角色管理', '分页查询', 2, 292798030246051840, 1, '0:0:0:0:0:0:0:1', 'top.zsmile.modules.sys.controller.SysRoleController.list', NULL, 'GET', '{\"id\":[\"\"],\"tenantId\":[\"\"],\"roleName\":[\"\"],\"size\":[\"10\"],\"page\":[\"1\"]}', 15, NULL, '2022-08-05 12:09:38', 'admin', '2022-08-05 12:09:38', 'admin', 0);
INSERT INTO `sys_log` VALUES (310497239287988224, 'SYS', '系统部门', '分页查询', 2, 292798030246051840, 1, '0:0:0:0:0:0:0:1', 'top.zsmile.modules.sys.controller.SysDeptController.list', NULL, 'GET', '{\"id\":[\"\"],\"tenantId\":[\"\"],\"parentId\":[\"\"],\"deptName\":[\"\"],\"size\":[\"10\"],\"page\":[\"1\"]}', 11, NULL, '2022-08-05 12:09:39', 'admin', '2022-08-05 12:09:39', 'admin', 0);
INSERT INTO `sys_log` VALUES (310497287488929792, 'SYS', '系统菜单管理', '分页查询', 2, 292798030246051840, 1, '0:0:0:0:0:0:0:1', 'top.zsmile.modules.sys.controller.SysMenuController.list', NULL, 'GET', '{\"id\":[\"\"],\"parentId\":[\"\"],\"menuName\":[\"\"],\"menuIcon\":[\"\"],\"routeUrl\":[\"\"],\"routeView\":[\"\"],\"menuType\":[\"\"],\"perm\":[\"\"],\"orderNum\":[\"\"],\"enableFlag\":[\"\"],\"size\":[\"10\"],\"page\":[\"1\"]}', 19, NULL, '2022-08-05 12:09:51', 'admin', '2022-08-05 12:09:51', 'admin', 0);
INSERT INTO `sys_log` VALUES (310497301640511488, 'SYS', '系统部门', '分页查询', 2, 292798030246051840, 1, '0:0:0:0:0:0:0:1', 'top.zsmile.modules.sys.controller.SysDeptController.list', NULL, 'GET', '{\"id\":[\"\"],\"tenantId\":[\"\"],\"parentId\":[\"\"],\"deptName\":[\"\"],\"size\":[\"10\"],\"page\":[\"1\"]}', 9, NULL, '2022-08-05 12:09:54', 'admin', '2022-08-05 12:09:54', 'admin', 0);
INSERT INTO `sys_log` VALUES (310497377062486016, 'SYS', '系统用户管理', '分页查询', 2, 292798030246051840, 1, '0:0:0:0:0:0:0:1', 'top.zsmile.modules.sys.controller.SysUserController.list', NULL, 'GET', '{\"id\":[\"\"],\"tenantId\":[\"\"],\"username\":[\"\"],\"realName\":[\"\"],\"password\":[\"\"],\"salt\":[\"\"],\"enableFlag\":[\"\"],\"remark\":[\"\"],\"size\":[\"10\"],\"page\":[\"1\"]}', 8, NULL, '2022-08-05 12:10:12', 'admin', '2022-08-05 12:10:12', 'admin', 0);
INSERT INTO `sys_log` VALUES (310497379306438656, 'SYS', '系统部门', '分页查询', 2, 292798030246051840, 1, '0:0:0:0:0:0:0:1', 'top.zsmile.modules.sys.controller.SysDeptController.list', NULL, 'GET', '{\"id\":[\"\"],\"tenantId\":[\"\"],\"parentId\":[\"\"],\"deptName\":[\"\"],\"size\":[\"10\"],\"page\":[\"1\"]}', 7, NULL, '2022-08-05 12:10:13', 'admin', '2022-08-05 12:10:13', 'admin', 0);
INSERT INTO `sys_log` VALUES (310497386130571264, 'SYS', '角色管理', '分页查询', 2, 292798030246051840, 1, '0:0:0:0:0:0:0:1', 'top.zsmile.modules.sys.controller.SysRoleController.list', NULL, 'GET', '{\"id\":[\"\"],\"tenantId\":[\"\"],\"roleName\":[\"\"],\"size\":[\"10\"],\"page\":[\"1\"]}', 7, NULL, '2022-08-05 12:10:15', 'admin', '2022-08-05 12:10:15', 'admin', 0);
INSERT INTO `sys_log` VALUES (310497387942510592, 'SYS', '系统部门', '分页查询', 2, 292798030246051840, 1, '0:0:0:0:0:0:0:1', 'top.zsmile.modules.sys.controller.SysDeptController.list', NULL, 'GET', '{\"id\":[\"\"],\"tenantId\":[\"\"],\"parentId\":[\"\"],\"deptName\":[\"\"],\"size\":[\"10\"],\"page\":[\"1\"]}', 9, NULL, '2022-08-05 12:10:15', 'admin', '2022-08-05 12:10:15', 'admin', 0);
INSERT INTO `sys_log` VALUES (310497410952462336, 'SYS', '系统菜单管理', '分页查询', 2, 292798030246051840, 1, '0:0:0:0:0:0:0:1', 'top.zsmile.modules.sys.controller.SysMenuController.list', NULL, 'GET', '{\"id\":[\"\"],\"parentId\":[\"\"],\"menuName\":[\"\"],\"menuIcon\":[\"\"],\"routeUrl\":[\"\"],\"routeView\":[\"\"],\"menuType\":[\"\"],\"perm\":[\"\"],\"orderNum\":[\"\"],\"enableFlag\":[\"\"],\"size\":[\"10\"],\"page\":[\"1\"]}', 13, NULL, '2022-08-05 12:10:20', 'admin', '2022-08-05 12:10:20', 'admin', 0);
INSERT INTO `sys_log` VALUES (310497423162081280, 'SYS', '系统用户管理', '分页查询', 2, 292798030246051840, 1, '0:0:0:0:0:0:0:1', 'top.zsmile.modules.sys.controller.SysUserController.list', NULL, 'GET', '{\"id\":[\"\"],\"tenantId\":[\"\"],\"username\":[\"\"],\"realName\":[\"\"],\"password\":[\"\"],\"salt\":[\"\"],\"enableFlag\":[\"\"],\"remark\":[\"\"],\"size\":[\"10\"],\"page\":[\"1\"]}', 11, NULL, '2022-08-05 12:10:23', 'admin', '2022-08-05 12:10:23', 'admin', 0);
INSERT INTO `sys_log` VALUES (310497427746455552, 'SYS', '系统菜单管理', '分页查询', 2, 292798030246051840, 1, '0:0:0:0:0:0:0:1', 'top.zsmile.modules.sys.controller.SysMenuController.list', NULL, 'GET', '{\"id\":[\"\"],\"parentId\":[\"\"],\"menuName\":[\"\"],\"menuIcon\":[\"\"],\"routeUrl\":[\"\"],\"routeView\":[\"\"],\"menuType\":[\"\"],\"perm\":[\"\"],\"orderNum\":[\"\"],\"enableFlag\":[\"\"],\"size\":[\"10\"],\"page\":[\"1\"]}', 10, NULL, '2022-08-05 12:10:24', 'admin', '2022-08-05 12:10:24', 'admin', 0);
INSERT INTO `sys_log` VALUES (310497431663935488, 'SYS', '角色管理', '分页查询', 2, 292798030246051840, 1, '0:0:0:0:0:0:0:1', 'top.zsmile.modules.sys.controller.SysRoleController.list', NULL, 'GET', '{\"id\":[\"\"],\"tenantId\":[\"\"],\"roleName\":[\"\"],\"size\":[\"10\"],\"page\":[\"1\"]}', 7, NULL, '2022-08-05 12:10:25', 'admin', '2022-08-05 12:10:25', 'admin', 0);
INSERT INTO `sys_log` VALUES (310497436181200896, 'SYS', '系统用户管理', '分页查询', 2, 292798030246051840, 1, '0:0:0:0:0:0:0:1', 'top.zsmile.modules.sys.controller.SysUserController.list', NULL, 'GET', '{\"id\":[\"\"],\"tenantId\":[\"\"],\"username\":[\"\"],\"realName\":[\"\"],\"password\":[\"\"],\"salt\":[\"\"],\"enableFlag\":[\"\"],\"remark\":[\"\"],\"size\":[\"10\"],\"page\":[\"1\"]}', 9, NULL, '2022-08-05 12:10:26', 'admin', '2022-08-05 12:10:26', 'admin', 0);
INSERT INTO `sys_log` VALUES (310497437980557312, 'SYS', '角色管理', '分页查询', 2, 292798030246051840, 1, '0:0:0:0:0:0:0:1', 'top.zsmile.modules.sys.controller.SysRoleController.list', NULL, 'GET', '{\"id\":[\"\"],\"tenantId\":[\"\"],\"roleName\":[\"\"],\"size\":[\"10\"],\"page\":[\"1\"]}', 8, NULL, '2022-08-05 12:10:27', 'admin', '2022-08-05 12:10:27', 'admin', 0);
INSERT INTO `sys_log` VALUES (310497685742288896, 'SYS', '系统菜单管理', '分页查询', 2, 292798030246051840, 1, '0:0:0:0:0:0:0:1', 'top.zsmile.modules.sys.controller.SysMenuController.list', NULL, 'GET', '{\"id\":[\"\"],\"parentId\":[\"\"],\"menuName\":[\"\"],\"menuIcon\":[\"\"],\"routeUrl\":[\"\"],\"routeView\":[\"\"],\"menuType\":[\"\"],\"perm\":[\"\"],\"orderNum\":[\"\"],\"enableFlag\":[\"\"],\"size\":[\"10\"],\"page\":[\"1\"]}', 10, NULL, '2022-08-05 12:11:26', 'admin', '2022-08-05 12:11:26', 'admin', 0);
INSERT INTO `sys_log` VALUES (310497709041647616, 'SYS', '角色管理', '分页查询', 2, 292798030246051840, 1, '0:0:0:0:0:0:0:1', 'top.zsmile.modules.sys.controller.SysRoleController.list', NULL, 'GET', '{\"id\":[\"\"],\"tenantId\":[\"\"],\"roleName\":[\"\"],\"size\":[\"10\"],\"page\":[\"1\"]}', 8, NULL, '2022-08-05 12:11:31', 'admin', '2022-08-05 12:11:31', 'admin', 0);
INSERT INTO `sys_log` VALUES (310497935097856000, 'SYS', '多租户管理', '分页查询', 2, 292798030246051840, 1, '0:0:0:0:0:0:0:1', 'top.zsmile.modules.sys.controller.SysTenantController.list', NULL, 'GET', '{\"id\":[\"\"],\"tenantName\":[\"\"],\"size\":[\"10\"],\"page\":[\"1\"]}', 16, NULL, '2022-08-05 12:12:25', 'admin', '2022-08-05 12:12:25', 'admin', 0);
INSERT INTO `sys_log` VALUES (310498046712479744, 'SYS', '系统用户管理', '分页查询', 2, 292798030246051840, 1, '0:0:0:0:0:0:0:1', 'top.zsmile.modules.sys.controller.SysUserController.list', NULL, 'GET', '{\"id\":[\"\"],\"tenantId\":[\"\"],\"username\":[\"\"],\"realName\":[\"\"],\"password\":[\"\"],\"salt\":[\"\"],\"enableFlag\":[\"\"],\"remark\":[\"\"],\"size\":[\"10\"],\"page\":[\"1\"]}', 9, NULL, '2022-08-05 12:12:52', 'admin', '2022-08-05 12:12:52', 'admin', 0);
INSERT INTO `sys_log` VALUES (310526306448048128, 'SYS', '角色管理', '分页查询', 2, 292798030246051840, 1, '0:0:0:0:0:0:0:1', 'top.zsmile.modules.sys.controller.SysRoleController.list', NULL, 'GET', '{\"id\":[\"\"],\"tenantId\":[\"\"],\"roleName\":[\"\"],\"size\":[\"10\"],\"page\":[\"1\"]}', 9, NULL, '2022-08-05 14:05:10', 'admin', '2022-08-05 14:05:10', 'admin', 0);
INSERT INTO `sys_log` VALUES (310532530619023360, 'SYS', '角色管理', '分页查询', 2, 1, 1, '0:0:0:0:0:0:0:1', 'top.zsmile.modules.sys.controller.SysRoleController.list', NULL, 'GET', '{\"id\":[\"\"],\"tenantId\":[\"\"],\"roleName\":[\"\"],\"size\":[\"10\"],\"page\":[\"1\"]}', 19, NULL, '2022-08-05 14:29:54', 'admin', '2022-08-05 14:29:54', 'admin', 0);
INSERT INTO `sys_log` VALUES (310532539674525696, 'SYS', '角色管理', '获取角色授权信息', 2, 1, 1, '0:0:0:0:0:0:0:1', 'top.zsmile.modules.sys.controller.SysRoleController.roleMenu', NULL, 'GET', '{}', 20, NULL, '2022-08-05 14:29:56', 'admin', '2022-08-05 14:29:56', 'admin', 0);
INSERT INTO `sys_log` VALUES (310533857373847552, 'SYS', '角色管理', '保存角色授权信息', 2, 1, 2, '0:0:0:0:0:0:0:1', 'top.zsmile.modules.sys.controller.SysRoleController.save', NULL, 'POST', '[{\"menuIds\":[298866286056837121,298866286056837123,298866286056837124,308038523393409024],\"roleId\":310185715658915840}]', 2168, NULL, '2022-08-05 14:35:10', 'admin', '2022-08-05 14:35:10', 'admin', 0);
INSERT INTO `sys_log` VALUES (310533857554202624, 'SYS', '角色管理', '分页查询', 2, 1, 1, '0:0:0:0:0:0:0:1', 'top.zsmile.modules.sys.controller.SysRoleController.list', NULL, 'GET', '{\"id\":[\"\"],\"tenantId\":[\"\"],\"roleName\":[\"\"],\"size\":[\"10\"],\"page\":[\"1\"]}', 8, NULL, '2022-08-05 14:35:10', 'admin', '2022-08-05 14:35:10', 'admin', 0);
INSERT INTO `sys_log` VALUES (310535177312927744, 'SYS', '角色管理', '获取角色授权信息', 2, 1, 1, '0:0:0:0:0:0:0:1', 'top.zsmile.modules.sys.controller.SysRoleController.roleMenu', NULL, 'GET', '{}', 11, NULL, '2022-08-05 14:40:25', 'admin', '2022-08-05 14:40:25', 'admin', 0);
INSERT INTO `sys_log` VALUES (310535524571938816, 'SYS', '角色管理', '保存角色授权信息', 2, 1, 2, '0:0:0:0:0:0:0:1', 'top.zsmile.modules.sys.controller.SysRoleController.save', NULL, 'POST', '[{\"halfMenuIds\":[298867137412333568,298866286056837120],\"menuIds\":[298866286056837121,298866286056837123,298866286056837124,308038523393409024],\"roleId\":310185715658915840}]', 46, NULL, '2022-08-05 14:41:47', 'admin', '2022-08-05 14:41:47', 'admin', 0);
INSERT INTO `sys_log` VALUES (310535524962009088, 'SYS', '角色管理', '分页查询', 2, 1, 1, '0:0:0:0:0:0:0:1', 'top.zsmile.modules.sys.controller.SysRoleController.list', NULL, 'GET', '{\"id\":[\"\"],\"tenantId\":[\"\"],\"roleName\":[\"\"],\"size\":[\"10\"],\"page\":[\"1\"]}', 23, NULL, '2022-08-05 14:41:48', 'admin', '2022-08-05 14:41:48', 'admin', 0);
INSERT INTO `sys_log` VALUES (310565958106218496, 'SYS', '角色管理', '分页查询', 2, 1, 1, '0:0:0:0:0:0:0:1', 'top.zsmile.modules.sys.controller.SysRoleController.list', NULL, 'GET', '{\"id\":[\"\"],\"tenantId\":[\"\"],\"roleName\":[\"\"],\"size\":[\"10\"],\"page\":[\"1\"]}', 34, NULL, '2022-08-05 16:42:43', 'admin', '2022-08-05 16:42:43', 'admin', 0);
INSERT INTO `sys_log` VALUES (310565966218002432, 'SYS', '系统用户管理', '分页查询', 2, 1, 1, '0:0:0:0:0:0:0:1', 'top.zsmile.modules.sys.controller.SysUserController.list', NULL, 'GET', '{\"id\":[\"\"],\"tenantId\":[\"\"],\"username\":[\"\"],\"realName\":[\"\"],\"password\":[\"\"],\"salt\":[\"\"],\"enableFlag\":[\"\"],\"remark\":[\"\"],\"size\":[\"10\"],\"page\":[\"1\"]}', 14, NULL, '2022-08-05 16:42:45', 'admin', '2022-08-05 16:42:45', 'admin', 0);
INSERT INTO `sys_log` VALUES (310565970747850752, 'SYS', '系统部门', '分页查询', 2, 1, 1, '0:0:0:0:0:0:0:1', 'top.zsmile.modules.sys.controller.SysDeptController.list', NULL, 'GET', '{\"id\":[\"\"],\"tenantId\":[\"\"],\"parentId\":[\"\"],\"deptName\":[\"\"],\"size\":[\"10\"],\"page\":[\"1\"]}', 206, NULL, '2022-08-05 16:42:46', 'admin', '2022-08-05 16:42:46', 'admin', 0);
INSERT INTO `sys_log` VALUES (310565979459420160, 'SYS', '系统配置', '分页查询', 2, 1, 1, '0:0:0:0:0:0:0:1', 'top.zsmile.modules.sys.controller.SysConfigController.list', NULL, 'GET', '{\"id\":[\"\"],\"configName\":[\"\"],\"configKey\":[\"\"],\"configType\":[\"\"],\"configValue\":[\"\"],\"enableFlag\":[\"\"],\"size\":[\"10\"],\"page\":[\"1\"]}', 17, NULL, '2022-08-05 16:42:48', 'admin', '2022-08-05 16:42:48', 'admin', 0);
INSERT INTO `sys_log` VALUES (310565982940692480, 'SYS', '角色管理', '分页查询', 2, 1, 1, '0:0:0:0:0:0:0:1', 'top.zsmile.modules.sys.controller.SysRoleController.list', NULL, 'GET', '{\"id\":[\"\"],\"tenantId\":[\"\"],\"roleName\":[\"\"],\"size\":[\"10\"],\"page\":[\"1\"]}', 11, NULL, '2022-08-05 16:42:49', 'admin', '2022-08-05 16:42:49', 'admin', 0);
INSERT INTO `sys_log` VALUES (310572947804782592, 'SYS', '系统用户管理', '分页查询', 2, 1, 1, '0:0:0:0:0:0:0:1', 'top.zsmile.modules.sys.controller.SysUserController.list', NULL, 'GET', '{\"id\":[\"\"],\"tenantId\":[\"\"],\"username\":[\"\"],\"realName\":[\"\"],\"password\":[\"\"],\"salt\":[\"\"],\"enableFlag\":[\"\"],\"remark\":[\"\"],\"size\":[\"10\"],\"page\":[\"1\"]}', 9, NULL, '2022-08-05 17:10:30', 'admin', '2022-08-05 17:10:30', 'admin', 0);
INSERT INTO `sys_log` VALUES (310573083461156864, 'SYS', '系统用户管理', '分页查询', 2, 1, 1, '0:0:0:0:0:0:0:1', 'top.zsmile.modules.sys.controller.SysUserController.list', NULL, 'GET', '{\"id\":[\"\"],\"tenantId\":[\"\"],\"username\":[\"\"],\"realName\":[\"\"],\"password\":[\"\"],\"salt\":[\"\"],\"enableFlag\":[\"\"],\"remark\":[\"\"],\"size\":[\"10\"],\"page\":[\"1\"]}', 12, NULL, '2022-08-05 17:11:02', 'admin', '2022-08-05 17:11:02', 'admin', 0);
INSERT INTO `sys_log` VALUES (310573196321488896, 'SYS', '系统用户管理', '分页查询', 2, 1, 1, '0:0:0:0:0:0:0:1', 'top.zsmile.modules.sys.controller.SysUserController.list', NULL, 'GET', '{\"id\":[\"\"],\"tenantId\":[\"\"],\"username\":[\"\"],\"realName\":[\"\"],\"password\":[\"\"],\"salt\":[\"\"],\"enableFlag\":[\"\"],\"remark\":[\"\"],\"size\":[\"10\"],\"page\":[\"1\"]}', 7, NULL, '2022-08-05 17:11:29', 'admin', '2022-08-05 17:11:29', 'admin', 0);
INSERT INTO `sys_log` VALUES (310573219633430528, 'SYS', '系统用户管理', '分页查询', 2, 1, 1, '0:0:0:0:0:0:0:1', 'top.zsmile.modules.sys.controller.SysUserController.list', NULL, 'GET', '{\"id\":[\"\"],\"tenantId\":[\"\"],\"username\":[\"\"],\"realName\":[\"\"],\"password\":[\"\"],\"salt\":[\"\"],\"enableFlag\":[\"\"],\"remark\":[\"\"],\"size\":[\"10\"],\"page\":[\"1\"]}', 12, NULL, '2022-08-05 17:11:35', 'admin', '2022-08-05 17:11:35', 'admin', 0);
INSERT INTO `sys_log` VALUES (310574964619083776, 'SYS', '系统用户管理', '分页查询', 2, 1, 1, '0:0:0:0:0:0:0:1', 'top.zsmile.modules.sys.controller.SysUserController.list', NULL, 'GET', '{\"id\":[\"\"],\"tenantId\":[\"\"],\"username\":[\"\"],\"realName\":[\"\"],\"password\":[\"\"],\"salt\":[\"\"],\"enableFlag\":[\"\"],\"remark\":[\"\"],\"size\":[\"10\"],\"page\":[\"1\"]}', 21, NULL, '2022-08-05 17:18:31', 'admin', '2022-08-05 17:18:31', 'admin', 0);
INSERT INTO `sys_log` VALUES (310574967051780096, 'SYS', '角色管理', '分页查询', 2, 1, 1, '0:0:0:0:0:0:0:1', 'top.zsmile.modules.sys.controller.SysRoleController.list', NULL, 'GET', '{\"id\":[\"\"],\"tenantId\":[\"\"],\"roleName\":[\"\"],\"size\":[\"10\"],\"page\":[\"1\"]}', 12, NULL, '2022-08-05 17:18:31', 'admin', '2022-08-05 17:18:31', 'admin', 0);
INSERT INTO `sys_log` VALUES (310574972584067072, 'SYS', '角色管理', '获取角色授权信息', 2, 1, 1, '0:0:0:0:0:0:0:1', 'top.zsmile.modules.sys.controller.SysRoleController.roleMenu', NULL, 'GET', '{}', 27, NULL, '2022-08-05 17:18:33', 'admin', '2022-08-05 17:18:33', 'admin', 0);
INSERT INTO `sys_log` VALUES (310575017815441408, 'SYS', '角色管理', '保存角色授权信息', 2, 1, 2, '0:0:0:0:0:0:0:1', 'top.zsmile.modules.sys.controller.SysRoleController.save', NULL, 'POST', '[{\"halfMenuIds\":[298867137412333568,298866286056837120],\"menuIds\":[298866286056837122,298866286056837123,298866286056837124,298866286077808640,298866286077808641,298866286077808642,298866286077808643,298866286077808644,298866286098780160,298866286098780161,298866286098780162,298866286098780163,298866286098780164,298866286115557376,298866286115557377,298866286115557378,298866286115557379,298866286115557380,298878824412610560,308038523393409024],\"roleId\":310185715658915840}]', 64, NULL, '2022-08-05 17:18:43', 'admin', '2022-08-05 17:18:43', 'admin', 0);
INSERT INTO `sys_log` VALUES (310575018008379392, 'SYS', '角色管理', '分页查询', 2, 1, 1, '0:0:0:0:0:0:0:1', 'top.zsmile.modules.sys.controller.SysRoleController.list', NULL, 'GET', '{\"id\":[\"\"],\"tenantId\":[\"\"],\"roleName\":[\"\"],\"size\":[\"10\"],\"page\":[\"1\"]}', 11, NULL, '2022-08-05 17:18:43', 'admin', '2022-08-05 17:18:43', 'admin', 0);
INSERT INTO `sys_log` VALUES (310575021896499200, 'SYS', '角色管理', '获取角色授权信息', 2, 1, 1, '0:0:0:0:0:0:0:1', 'top.zsmile.modules.sys.controller.SysRoleController.roleMenu', NULL, 'GET', '{}', 11, NULL, '2022-08-05 17:18:44', 'admin', '2022-08-05 17:18:44', 'admin', 0);
INSERT INTO `sys_log` VALUES (310581231899115520, 'SYS', '角色管理', '分页查询', 2, 1, 1, '0:0:0:0:0:0:0:1', 'top.zsmile.modules.sys.controller.SysRoleController.list', NULL, 'GET', '{\"id\":[\"\"],\"tenantId\":[\"\"],\"roleName\":[\"\"],\"size\":[\"10\"],\"page\":[\"1\"]}', 15, NULL, '2022-08-05 17:43:25', 'admin', '2022-08-05 17:43:25', 'admin', 0);
INSERT INTO `sys_log` VALUES (310581237561425920, 'SYS', '角色管理', '获取角色授权信息', 2, 1, 1, '0:0:0:0:0:0:0:1', 'top.zsmile.modules.sys.controller.SysRoleController.roleMenu', NULL, 'GET', '{}', 10, NULL, '2022-08-05 17:43:26', 'admin', '2022-08-05 17:43:26', 'admin', 0);
INSERT INTO `sys_log` VALUES (310581533012393984, 'SYS', '角色管理', '分页查询', 2, 1, 1, '0:0:0:0:0:0:0:1', 'top.zsmile.modules.sys.controller.SysRoleController.list', NULL, 'GET', '{\"id\":[\"\"],\"tenantId\":[\"\"],\"roleName\":[\"\"],\"size\":[\"10\"],\"page\":[\"1\"]}', 11, NULL, '2022-08-05 17:44:37', 'admin', '2022-08-05 17:44:37', 'admin', 0);
INSERT INTO `sys_log` VALUES (310581534941773824, 'SYS', '角色管理', '获取角色授权信息', 2, 1, 1, '0:0:0:0:0:0:0:1', 'top.zsmile.modules.sys.controller.SysRoleController.roleMenu', NULL, 'GET', '{}', 12, NULL, '2022-08-05 17:44:37', 'admin', '2022-08-05 17:44:37', 'admin', 0);
INSERT INTO `sys_log` VALUES (310581560237621248, 'SYS', '角色管理', '保存角色授权信息', 2, 1, 2, '0:0:0:0:0:0:0:1', 'top.zsmile.modules.sys.controller.SysRoleController.save', NULL, 'POST', '[{\"halfMenuIds\":[298867137412333568],\"menuIds\":[298866286056837120,298866286056837121,298866286056837122,298866286056837123,298866286056837124],\"roleId\":310185715658915840}]', 22, NULL, '2022-08-05 17:44:43', 'admin', '2022-08-05 17:44:43', 'admin', 0);
INSERT INTO `sys_log` VALUES (310581560451530752, 'SYS', '角色管理', '分页查询', 2, 1, 1, '0:0:0:0:0:0:0:1', 'top.zsmile.modules.sys.controller.SysRoleController.list', NULL, 'GET', '{\"id\":[\"\"],\"tenantId\":[\"\"],\"roleName\":[\"\"],\"size\":[\"10\"],\"page\":[\"1\"]}', 11, NULL, '2022-08-05 17:44:43', 'admin', '2022-08-05 17:44:43', 'admin', 0);
INSERT INTO `sys_log` VALUES (310581565891543040, 'SYS', '角色管理', '获取角色授权信息', 2, 1, 1, '0:0:0:0:0:0:0:1', 'top.zsmile.modules.sys.controller.SysRoleController.roleMenu', NULL, 'GET', '{}', 6, NULL, '2022-08-05 17:44:45', 'admin', '2022-08-05 17:44:45', 'admin', 0);
INSERT INTO `sys_log` VALUES (310581582874279936, 'SYS', '角色管理', '分页查询', 2, 1, 1, '0:0:0:0:0:0:0:1', 'top.zsmile.modules.sys.controller.SysRoleController.list', NULL, 'GET', '{\"id\":[\"\"],\"tenantId\":[\"\"],\"roleName\":[\"\"],\"size\":[\"10\"],\"page\":[\"1\"]}', 14, NULL, '2022-08-05 17:44:49', 'admin', '2022-08-05 17:44:49', 'admin', 0);
INSERT INTO `sys_log` VALUES (310581588347846656, 'SYS', '角色管理', '获取角色授权信息', 2, 1, 1, '0:0:0:0:0:0:0:1', 'top.zsmile.modules.sys.controller.SysRoleController.roleMenu', NULL, 'GET', '{}', 7, NULL, '2022-08-05 17:44:50', 'admin', '2022-08-05 17:44:50', 'admin', 0);
INSERT INTO `sys_log` VALUES (310581822461313024, 'SYS', '角色管理', '获取角色授权信息', 2, 1, 1, '0:0:0:0:0:0:0:1', 'top.zsmile.modules.sys.controller.SysRoleController.roleMenu', NULL, 'GET', '{}', 20, NULL, '2022-08-05 17:45:46', 'admin', '2022-08-05 17:45:46', 'admin', 0);
INSERT INTO `sys_log` VALUES (310582030356185088, 'SYS', '角色管理', '获取角色授权信息', 2, 1, 1, '0:0:0:0:0:0:0:1', 'top.zsmile.modules.sys.controller.SysRoleController.roleMenu', NULL, 'GET', '{}', 13, NULL, '2022-08-05 17:46:35', 'admin', '2022-08-05 17:46:35', 'admin', 0);

-- ----------------------------
-- Table structure for sys_menu
-- ----------------------------
DROP TABLE IF EXISTS `sys_menu`;
CREATE TABLE `sys_menu`  (
  `id` bigint(20) NOT NULL COMMENT 'ID',
  `parent_id` bigint(20) NOT NULL COMMENT '父ID,最上级则为0',
  `menu_name` varchar(100) CHARACTER SET utf8mb4 COLLATE utf8mb4_general_ci NOT NULL COMMENT '菜单名称',
  `menu_icon` varchar(100) CHARACTER SET utf8mb4 COLLATE utf8mb4_general_ci NULL DEFAULT NULL COMMENT '菜单icon',
  `route_url` varchar(255) CHARACTER SET utf8mb4 COLLATE utf8mb4_general_ci NULL DEFAULT NULL COMMENT '路由地址',
  `route_view` varchar(255) CHARACTER SET utf8mb4 COLLATE utf8mb4_general_ci NULL DEFAULT NULL COMMENT '路由视图',
  `menu_type` tinyint(2) NOT NULL COMMENT '菜单类型(0:菜单组; 1:子菜单; 2:按钮权限)',
  `perm` varchar(500) CHARACTER SET utf8mb4 COLLATE utf8mb4_general_ci NULL DEFAULT NULL COMMENT '权限标识',
  `order_num` smallint(5) NOT NULL DEFAULT 0 COMMENT '排序',
  `create_time` datetime NULL DEFAULT NULL COMMENT '创建时间',
  `create_by` varchar(50) CHARACTER SET utf8mb4 COLLATE utf8mb4_general_ci NULL DEFAULT NULL COMMENT '创建人',
  `update_time` datetime NULL DEFAULT NULL COMMENT '更新时间',
  `update_by` varchar(50) CHARACTER SET utf8mb4 COLLATE utf8mb4_general_ci NULL DEFAULT NULL COMMENT '更新人',
  `del_flag` tinyint(1) NOT NULL DEFAULT 0 COMMENT '是否删除，1是，0否',
  `enable_flag` tinyint(1) NOT NULL DEFAULT 1 COMMENT '是否启用，0禁用1启用',
  PRIMARY KEY (`id`) USING BTREE
) ENGINE = InnoDB CHARACTER SET = utf8mb4 COLLATE = utf8mb4_general_ci COMMENT = '系统菜单管理' ROW_FORMAT = Dynamic;

-- ----------------------------
-- Records of sys_menu
-- ----------------------------
INSERT INTO `sys_menu` VALUES (296769835235278850, 0, '系统管理', '', '/sys', '', 0, '', 0, NULL, NULL, NULL, NULL, 0, 1);
INSERT INTO `sys_menu` VALUES (298269913506779136, 296769835235278850, '菜单管理', NULL, '/sys/menu', '/sys/SysMenu', 1, NULL, 6, NULL, NULL, NULL, NULL, 0, 1);
INSERT INTO `sys_menu` VALUES (298269913506779137, 298269913506779136, '查询', NULL, NULL, NULL, 2, 'sys:menu:list', 0, NULL, NULL, NULL, NULL, 0, 1);
INSERT INTO `sys_menu` VALUES (298269913506779138, 298269913506779136, '更新', NULL, NULL, NULL, 2, 'sys:menu:info;sys:menu:update', 0, NULL, NULL, NULL, NULL, 0, 1);
INSERT INTO `sys_menu` VALUES (298269913506779139, 298269913506779136, '新增', NULL, NULL, NULL, 2, 'sys:menu:save', 0, NULL, NULL, NULL, NULL, 0, 1);
INSERT INTO `sys_menu` VALUES (298269913506779140, 298269913506779136, '删除', NULL, NULL, NULL, 2, 'sys:menu:remove', 0, NULL, NULL, NULL, NULL, 0, 1);
INSERT INTO `sys_menu` VALUES (298269913519362048, 296769835235278850, '数据字典信息', NULL, '/sys/dict/item', '/sys/SysDictItem', 1, NULL, 8, NULL, NULL, NULL, NULL, 0, 1);
INSERT INTO `sys_menu` VALUES (298269913519362049, 298269913519362048, '查询', NULL, NULL, NULL, 2, 'sys:dict:item:list', 0, NULL, NULL, NULL, NULL, 0, 1);
INSERT INTO `sys_menu` VALUES (298269913519362050, 298269913519362048, '更新', NULL, NULL, NULL, 2, 'sys:dict:item:info;sys:dict:item:update', 0, NULL, NULL, NULL, NULL, 0, 1);
INSERT INTO `sys_menu` VALUES (298269913519362051, 298269913519362048, '新增', NULL, NULL, NULL, 2, 'sys:dict:item:save', 0, NULL, NULL, NULL, NULL, 0, 1);
INSERT INTO `sys_menu` VALUES (298269913519362052, 298269913519362048, '删除', NULL, NULL, NULL, 2, 'sys:dict:item:remove', 0, NULL, NULL, NULL, NULL, 0, 1);
INSERT INTO `sys_menu` VALUES (298269913531944960, 296769835235278850, '系统配置', NULL, '/sys/config', '/sys/SysConfig', 1, NULL, 2, NULL, NULL, NULL, NULL, 0, 1);
INSERT INTO `sys_menu` VALUES (298269913531944961, 298269913531944960, '查询', NULL, NULL, NULL, 2, 'sys:config:list', 0, NULL, NULL, NULL, NULL, 0, 1);
INSERT INTO `sys_menu` VALUES (298269913531944962, 298269913531944960, '更新', NULL, NULL, NULL, 2, 'sys:config:info;sys:config:update', 0, NULL, NULL, NULL, NULL, 0, 1);
INSERT INTO `sys_menu` VALUES (298269913531944963, 298269913531944960, '新增', NULL, NULL, NULL, 2, 'sys:config:save', 0, NULL, NULL, NULL, NULL, 0, 1);
INSERT INTO `sys_menu` VALUES (298269913531944964, 298269913531944960, '删除', NULL, NULL, NULL, 2, 'sys:config:remove', 0, NULL, NULL, NULL, NULL, 0, 1);
INSERT INTO `sys_menu` VALUES (298269913540333568, 296769835235278850, '用户管理', NULL, '/sys/user', '/sys/SysUser', 1, NULL, 3, NULL, NULL, NULL, NULL, 0, 1);
INSERT INTO `sys_menu` VALUES (298269913540333569, 298269913540333568, '查询', NULL, NULL, NULL, 2, 'sys:user:list', 0, NULL, NULL, NULL, NULL, 0, 1);
INSERT INTO `sys_menu` VALUES (298269913540333570, 298269913540333568, '更新', NULL, NULL, NULL, 2, 'sys:user:info;sys:user:update', 0, NULL, NULL, NULL, NULL, 0, 1);
INSERT INTO `sys_menu` VALUES (298269913540333571, 298269913540333568, '新增', NULL, NULL, NULL, 2, 'sys:user:save', 0, NULL, NULL, NULL, NULL, 0, 1);
INSERT INTO `sys_menu` VALUES (298269913540333572, 298269913540333568, '删除', NULL, NULL, NULL, 2, 'sys:user:remove', 0, NULL, NULL, NULL, NULL, 0, 1);
INSERT INTO `sys_menu` VALUES (298269913552916480, 296769835235278850, '数据字典', NULL, '/sys/dict', '/sys/SysDict', 1, NULL, 7, NULL, NULL, NULL, NULL, 0, 1);
INSERT INTO `sys_menu` VALUES (298269913552916481, 298269913552916480, '查询', NULL, NULL, NULL, 2, 'sys:dict:list', 0, NULL, NULL, NULL, NULL, 0, 1);
INSERT INTO `sys_menu` VALUES (298269913552916482, 298269913552916480, '更新', NULL, NULL, NULL, 2, 'sys:dict:info;sys:dict:update', 0, NULL, NULL, NULL, NULL, 0, 1);
INSERT INTO `sys_menu` VALUES (298269913552916483, 298269913552916480, '新增', NULL, NULL, NULL, 2, 'sys:dict:save', 0, NULL, NULL, NULL, NULL, 0, 1);
INSERT INTO `sys_menu` VALUES (298269913552916484, 298269913552916480, '删除', NULL, NULL, NULL, 2, 'sys:dict:remove', 0, NULL, NULL, NULL, NULL, 0, 1);
INSERT INTO `sys_menu` VALUES (298269913578082304, 296769835235278850, '系统日志', NULL, '/sys/log', '/sys/SysLog', 1, NULL, 9, NULL, NULL, NULL, NULL, 0, 1);
INSERT INTO `sys_menu` VALUES (298269913578082305, 298269913578082304, '查询', NULL, NULL, NULL, 2, 'sys:log:list', 0, NULL, NULL, NULL, NULL, 0, 1);
INSERT INTO `sys_menu` VALUES (298269913578082306, 298269913578082304, '更新', NULL, NULL, NULL, 2, 'sys:log:info;sys:log:update', 0, NULL, NULL, NULL, NULL, 0, 1);
INSERT INTO `sys_menu` VALUES (298269913578082307, 298269913578082304, '新增', NULL, NULL, NULL, 2, 'sys:log:save', 0, NULL, NULL, NULL, NULL, 0, 1);
INSERT INTO `sys_menu` VALUES (298269913578082308, 298269913578082304, '删除', NULL, NULL, NULL, 2, 'sys:log:remove', 0, NULL, NULL, NULL, NULL, 0, 1);
INSERT INTO `sys_menu` VALUES (298269913590665216, 296769835235278850, '系统部门', NULL, '/sys/dept', '/sys/SysDept', 1, NULL, 4, NULL, NULL, NULL, NULL, 0, 1);
INSERT INTO `sys_menu` VALUES (298269913590665217, 298269913590665216, '查询', NULL, NULL, NULL, 2, 'sys:dept:list', 0, NULL, NULL, NULL, NULL, 0, 1);
INSERT INTO `sys_menu` VALUES (298269913590665218, 298269913590665216, '更新', NULL, NULL, NULL, 2, 'sys:dept:info;sys:dept:update', 0, NULL, NULL, NULL, NULL, 0, 1);
INSERT INTO `sys_menu` VALUES (298269913590665219, 298269913590665216, '新增', NULL, NULL, NULL, 2, 'sys:dept:save', 0, NULL, NULL, NULL, NULL, 0, 1);
INSERT INTO `sys_menu` VALUES (298269913590665220, 298269913590665216, '删除', NULL, NULL, NULL, 2, 'sys:dept:remove', 0, NULL, NULL, NULL, NULL, 0, 1);
INSERT INTO `sys_menu` VALUES (298269913599053824, 296769835235278850, '角色管理', NULL, '/sys/role', '/sys/SysRole', 1, NULL, 2, NULL, NULL, NULL, NULL, 0, 1);
INSERT INTO `sys_menu` VALUES (298269913599053825, 298269913599053824, '查询', NULL, NULL, NULL, 2, 'sys:role:list', 0, NULL, NULL, NULL, NULL, 0, 1);
INSERT INTO `sys_menu` VALUES (298269913599053826, 298269913599053824, '更新', NULL, NULL, NULL, 2, 'sys:role:info;sys:role:update', 0, NULL, NULL, NULL, NULL, 0, 1);
INSERT INTO `sys_menu` VALUES (298269913599053827, 298269913599053824, '新增', NULL, NULL, NULL, 2, 'sys:role:save', 0, NULL, NULL, NULL, NULL, 0, 1);
INSERT INTO `sys_menu` VALUES (298269913599053828, 298269913599053824, '删除', NULL, NULL, NULL, 2, 'sys:role:remove', 0, NULL, NULL, NULL, NULL, 0, 1);
INSERT INTO `sys_menu` VALUES (298269913599053829, 298269913599053824, '授权', NULL, NULL, NULL, 2, 'sys:role:menu:list;sys:role:menu:save', 0, NULL, NULL, NULL, NULL, 0, 1);
INSERT INTO `sys_menu` VALUES (298269913611636736, 296769835235278850, '多租户管理', NULL, '/sys/tenant', '/sys/SysTenant', 1, NULL, 1, NULL, NULL, NULL, NULL, 0, 1);
INSERT INTO `sys_menu` VALUES (298269913611636737, 298269913611636736, '查询', NULL, NULL, NULL, 2, 'sys:tenant:list', 0, NULL, NULL, NULL, NULL, 0, 1);
INSERT INTO `sys_menu` VALUES (298269913611636738, 298269913611636736, '更新', NULL, NULL, NULL, 2, 'sys:tenant:info;sys:tenant:update', 0, NULL, NULL, NULL, NULL, 0, 1);
INSERT INTO `sys_menu` VALUES (298269913611636739, 298269913611636736, '新增', NULL, NULL, NULL, 2, 'sys:tenant:save', 0, NULL, NULL, NULL, NULL, 0, 1);
INSERT INTO `sys_menu` VALUES (298269913611636740, 298269913611636736, '删除', NULL, NULL, NULL, 2, 'sys:tenant:remove', 0, NULL, NULL, NULL, NULL, 0, 1);
INSERT INTO `sys_menu` VALUES (298866286056837120, 298867137412333568, '租户博客评论', NULL, '/blog/comment', '/blog/BlogComment', 1, NULL, 4, NULL, NULL, NULL, NULL, 0, 1);
INSERT INTO `sys_menu` VALUES (298866286056837121, 298866286056837120, '查询', NULL, NULL, NULL, 2, 'blog:comment:list', 0, NULL, NULL, NULL, NULL, 0, 1);
INSERT INTO `sys_menu` VALUES (298866286056837122, 298866286056837120, '更新', NULL, NULL, NULL, 2, 'blog:comment:info;blog:comment:update', 0, NULL, NULL, NULL, NULL, 0, 1);
INSERT INTO `sys_menu` VALUES (298866286056837123, 298866286056837120, '新增', NULL, NULL, NULL, 2, 'blog:comment:save', 0, NULL, NULL, NULL, NULL, 0, 1);
INSERT INTO `sys_menu` VALUES (298866286056837124, 298866286056837120, '删除', NULL, NULL, NULL, 2, 'blog:comment:remove', 0, NULL, NULL, NULL, NULL, 0, 1);
INSERT INTO `sys_menu` VALUES (298866286077808640, 298867137412333568, '租户博客栏目', NULL, '/blog/section', '/blog/BlogSection', 1, NULL, 8, NULL, NULL, NULL, NULL, 0, 1);
INSERT INTO `sys_menu` VALUES (298866286077808641, 298866286077808640, '查询', NULL, NULL, NULL, 2, 'blog:section:list', 0, NULL, NULL, NULL, NULL, 0, 1);
INSERT INTO `sys_menu` VALUES (298866286077808642, 298866286077808640, '更新', NULL, NULL, NULL, 2, 'blog:section:info;blog:section:update', 0, NULL, NULL, NULL, NULL, 0, 1);
INSERT INTO `sys_menu` VALUES (298866286077808643, 298866286077808640, '新增', NULL, NULL, NULL, 2, 'blog:section:save', 0, NULL, NULL, NULL, NULL, 0, 1);
INSERT INTO `sys_menu` VALUES (298866286077808644, 298866286077808640, '删除', NULL, NULL, NULL, 2, 'blog:section:remove', 0, NULL, NULL, NULL, NULL, 0, 1);
INSERT INTO `sys_menu` VALUES (298866286098780160, 298867137412333568, '租户博客文章', NULL, '/blog/article', '/blog/BlogArticle', 1, NULL, 3, NULL, NULL, NULL, NULL, 0, 1);
INSERT INTO `sys_menu` VALUES (298866286098780161, 298866286098780160, '查询', NULL, NULL, NULL, 2, 'blog:article:list', 0, NULL, NULL, NULL, NULL, 0, 1);
INSERT INTO `sys_menu` VALUES (298866286098780162, 298866286098780160, '更新', NULL, NULL, NULL, 2, 'blog:article:info;blog:article:update', 0, NULL, NULL, NULL, NULL, 0, 1);
INSERT INTO `sys_menu` VALUES (298866286098780163, 298866286098780160, '新增', NULL, NULL, NULL, 2, 'blog:article:save', 0, NULL, NULL, NULL, NULL, 0, 1);
INSERT INTO `sys_menu` VALUES (298866286098780164, 298866286098780160, '删除', NULL, NULL, NULL, 2, 'blog:article:remove', 0, NULL, NULL, NULL, NULL, 0, 1);
INSERT INTO `sys_menu` VALUES (298866286115557376, 298867137412333568, '租户博客标签', NULL, '/blog/tag', '/blog/BlogTag', 1, NULL, 9, NULL, NULL, NULL, NULL, 0, 1);
INSERT INTO `sys_menu` VALUES (298866286115557377, 298866286115557376, '查询', NULL, NULL, NULL, 2, 'blog:tag:list', 0, NULL, NULL, NULL, NULL, 0, 1);
INSERT INTO `sys_menu` VALUES (298866286115557378, 298866286115557376, '更新', NULL, NULL, NULL, 2, 'blog:tag:info;blog:tag:update', 0, NULL, NULL, NULL, NULL, 0, 1);
INSERT INTO `sys_menu` VALUES (298866286115557379, 298866286115557376, '新增', NULL, NULL, NULL, 2, 'blog:tag:save', 0, NULL, NULL, NULL, NULL, 0, 1);
INSERT INTO `sys_menu` VALUES (298866286115557380, 298866286115557376, '删除', NULL, NULL, NULL, 2, 'blog:tag:remove', 0, NULL, NULL, NULL, NULL, 0, 1);
INSERT INTO `sys_menu` VALUES (298867137412333568, 0, '博客管理', NULL, '/blog', NULL, 0, NULL, 0, '2022-07-04 09:55:47', 'admin', '2022-07-04 09:55:47', 'admin', 0, 1);
INSERT INTO `sys_menu` VALUES (298878824412610560, 298867137412333568, '发表博客', NULL, '/blog/publish', '/blog/BlogPublish', 1, NULL, 0, '2022-07-04 10:42:14', 'admin', '2022-07-04 10:42:14', 'admin', 0, 1);
INSERT INTO `sys_menu` VALUES (308038523393409024, 0, '测试1111', 'test', '/test', NULL, 0, NULL, 9, '2022-07-29 17:19:36', 'admin', '2022-08-01 11:58:07', 'admin', 0, 1);
INSERT INTO `sys_menu` VALUES (309048942035865600, 296769835235278850, '文件管理', NULL, '/sys/file', '/sys/SysFile', 1, NULL, 9, NULL, NULL, NULL, NULL, 0, 1);
INSERT INTO `sys_menu` VALUES (309048942035865601, 309048942035865600, '查询', NULL, NULL, NULL, 2, 'sys:file:list', 0, NULL, NULL, NULL, NULL, 0, 1);
INSERT INTO `sys_menu` VALUES (309048942035865602, 309048942035865600, '更新', NULL, NULL, NULL, 2, 'sys:file:info;sys:file:update', 0, NULL, NULL, NULL, NULL, 0, 1);
INSERT INTO `sys_menu` VALUES (309048942035865603, 309048942035865600, '新增', NULL, NULL, NULL, 2, 'sys:file:save', 0, NULL, NULL, NULL, NULL, 0, 1);
INSERT INTO `sys_menu` VALUES (309048942035865604, 309048942035865600, '删除', NULL, NULL, NULL, 2, 'sys:file:remove', 0, NULL, NULL, NULL, NULL, 0, 1);

-- ----------------------------
-- Table structure for sys_role
-- ----------------------------
DROP TABLE IF EXISTS `sys_role`;
CREATE TABLE `sys_role`  (
  `id` bigint(20) NOT NULL COMMENT 'ID',
  `tenant_id` bigint(20) NULL DEFAULT NULL COMMENT '租户ID',
  `role_name` varchar(100) CHARACTER SET utf8mb4 COLLATE utf8mb4_general_ci NULL DEFAULT NULL COMMENT '角色名称',
  `create_time` datetime NULL DEFAULT NULL COMMENT '创建时间',
  `create_by` varchar(50) CHARACTER SET utf8mb4 COLLATE utf8mb4_general_ci NULL DEFAULT NULL COMMENT '创建人',
  `update_time` datetime NULL DEFAULT NULL COMMENT '更新时间',
  `update_by` varchar(50) CHARACTER SET utf8mb4 COLLATE utf8mb4_general_ci NULL DEFAULT NULL COMMENT '更新人',
  `del_flag` tinyint(1) NOT NULL DEFAULT 0 COMMENT '是否删除，1是，0否',
  PRIMARY KEY (`id`) USING BTREE
) ENGINE = InnoDB CHARACTER SET = utf8mb4 COLLATE = utf8mb4_general_ci COMMENT = '角色管理' ROW_FORMAT = Dynamic;

-- ----------------------------
-- Records of sys_role
-- ----------------------------
INSERT INTO `sys_role` VALUES (310185715658915840, 297516356822106112, '超级管理员', NULL, NULL, NULL, NULL, 0);

-- ----------------------------
-- Table structure for sys_role_menu
-- ----------------------------
DROP TABLE IF EXISTS `sys_role_menu`;
CREATE TABLE `sys_role_menu`  (
  `id` bigint(20) NOT NULL COMMENT 'ID',
  `role_id` bigint(20) NOT NULL COMMENT '角色id',
  `menu_id` bigint(20) NOT NULL COMMENT '菜单id',
  `check_type` tinyint(2) NOT NULL COMMENT '选中状态1选中，2半选中',
  PRIMARY KEY (`id`) USING BTREE,
  INDEX `role_id`(`role_id`) USING BTREE
) ENGINE = InnoDB CHARACTER SET = utf8mb4 COLLATE = utf8mb4_general_ci COMMENT = '系统角色菜单' ROW_FORMAT = Dynamic;

-- ----------------------------
-- Records of sys_role_menu
-- ----------------------------
INSERT INTO `sys_role_menu` VALUES (310581560187289600, 310185715658915840, 298866286056837120, 1);
INSERT INTO `sys_role_menu` VALUES (310581560187289601, 310185715658915840, 298866286056837121, 1);
INSERT INTO `sys_role_menu` VALUES (310581560187289602, 310185715658915840, 298866286056837122, 1);
INSERT INTO `sys_role_menu` VALUES (310581560187289603, 310185715658915840, 298866286056837123, 1);
INSERT INTO `sys_role_menu` VALUES (310581560187289604, 310185715658915840, 298866286056837124, 1);
INSERT INTO `sys_role_menu` VALUES (310581560187289605, 310185715658915840, 298867137412333568, 2);

-- ----------------------------
-- Table structure for sys_role_menu_copy2
-- ----------------------------
DROP TABLE IF EXISTS `sys_role_menu_copy2`;
CREATE TABLE `sys_role_menu_copy2`  (
  `id` bigint(20) NOT NULL COMMENT 'ID',
  `role_id` bigint(20) NOT NULL COMMENT '角色id',
  `menu_id` bigint(20) NOT NULL COMMENT '菜单id',
  `check_type` tinyint(2) NOT NULL COMMENT '选中状态1选中，2半选中',
  PRIMARY KEY (`id`) USING BTREE
) ENGINE = InnoDB CHARACTER SET = utf8mb4 COLLATE = utf8mb4_general_ci COMMENT = '系统角色菜单' ROW_FORMAT = Dynamic;

-- ----------------------------
-- Records of sys_role_menu_copy2
-- ----------------------------
INSERT INTO `sys_role_menu_copy2` VALUES (310493552666738688, 310185715658915840, 298866286056837121, 1);
INSERT INTO `sys_role_menu_copy2` VALUES (310493552670932992, 310185715658915840, 298866286056837123, 1);
INSERT INTO `sys_role_menu_copy2` VALUES (310493552670932993, 310185715658915840, 298866286056837124, 1);
INSERT INTO `sys_role_menu_copy2` VALUES (310493552670932994, 310185715658915840, 308038523393409024, 1);
INSERT INTO `sys_role_menu_copy2` VALUES (310493552670932995, 310185715658915840, 298866286056837121, 2);
INSERT INTO `sys_role_menu_copy2` VALUES (310493552670932996, 310185715658915840, 298866286056837123, 2);
INSERT INTO `sys_role_menu_copy2` VALUES (310493552670932997, 310185715658915840, 298866286056837124, 2);
INSERT INTO `sys_role_menu_copy2` VALUES (310493552670932998, 310185715658915840, 308038523393409024, 2);

-- ----------------------------
-- Table structure for sys_tenant
-- ----------------------------
DROP TABLE IF EXISTS `sys_tenant`;
CREATE TABLE `sys_tenant`  (
  `id` bigint(20) NOT NULL COMMENT 'ID',
  `tenant_name` varchar(100) CHARACTER SET utf8mb4 COLLATE utf8mb4_general_ci NULL DEFAULT NULL COMMENT '租户名称',
  `password` varchar(255) CHARACTER SET utf8mb4 COLLATE utf8mb4_general_ci NOT NULL COMMENT '密码',
  `salt` varchar(50) CHARACTER SET utf8mb4 COLLATE utf8mb4_general_ci NOT NULL COMMENT 'salt',
  `create_time` datetime NULL DEFAULT NULL COMMENT '创建时间',
  `create_by` varchar(50) CHARACTER SET utf8mb4 COLLATE utf8mb4_general_ci NULL DEFAULT NULL COMMENT '创建人',
  `update_time` datetime NULL DEFAULT NULL COMMENT '更新时间',
  `update_by` varchar(50) CHARACTER SET utf8mb4 COLLATE utf8mb4_general_ci NULL DEFAULT NULL COMMENT '更新人',
  `del_flag` tinyint(1) NOT NULL DEFAULT 0 COMMENT '是否删除，1是，0否',
  PRIMARY KEY (`id`) USING BTREE
) ENGINE = InnoDB CHARACTER SET = utf8mb4 COLLATE = utf8mb4_general_ci COMMENT = '多租户管理' ROW_FORMAT = Dynamic;

-- ----------------------------
-- Records of sys_tenant
-- ----------------------------
INSERT INTO `sys_tenant` VALUES (297516356822106112, '笑笑庄', 'b6f855bd48d40f48694d082b45b8df7440c86956e43879acbf61f7c3fd8b6fbd', 'VgPzVrOUel3uh7K8uAgR', '2022-06-30 16:28:16', 'admin', '2022-07-05 11:57:08', 'admin', 0);

-- ----------------------------
-- Table structure for sys_user
-- ----------------------------
DROP TABLE IF EXISTS `sys_user`;
CREATE TABLE `sys_user`  (
  `id` bigint(20) NOT NULL COMMENT 'ID',
  `tenant_id` bigint(20) NOT NULL COMMENT '租户ID',
  `username` varchar(50) CHARACTER SET utf8mb4 COLLATE utf8mb4_general_ci NOT NULL COMMENT '用户名',
  `real_name` varchar(20) CHARACTER SET utf8mb4 COLLATE utf8mb4_general_ci NULL DEFAULT NULL COMMENT '真实名称',
  `password` varchar(255) CHARACTER SET utf8mb4 COLLATE utf8mb4_general_ci NOT NULL COMMENT '密码',
  `salt` varchar(50) CHARACTER SET utf8mb4 COLLATE utf8mb4_general_ci NOT NULL COMMENT 'salt',
  `enable_flag` tinyint(1) NULL DEFAULT 1 COMMENT '是否启用，0禁用1启用',
  `remark` varchar(255) CHARACTER SET utf8mb4 COLLATE utf8mb4_general_ci NULL DEFAULT NULL COMMENT '备注',
  `create_time` datetime NULL DEFAULT NULL COMMENT '创建时间',
  `create_by` varchar(50) CHARACTER SET utf8mb4 COLLATE utf8mb4_general_ci NULL DEFAULT NULL COMMENT '创建人',
  `update_time` datetime NULL DEFAULT NULL COMMENT '更新时间',
  `update_by` varchar(50) CHARACTER SET utf8mb4 COLLATE utf8mb4_general_ci NULL DEFAULT NULL COMMENT '更新人',
  `del_flag` tinyint(1) NOT NULL DEFAULT 0 COMMENT '是否删除，1是，0否',
  PRIMARY KEY (`id`) USING BTREE,
  UNIQUE INDEX `username`(`username`) USING BTREE
) ENGINE = InnoDB CHARACTER SET = utf8mb4 COLLATE = utf8mb4_general_ci COMMENT = '系统用户管理' ROW_FORMAT = Dynamic;

-- ----------------------------
-- Records of sys_user
-- ----------------------------
INSERT INTO `sys_user` VALUES (1, 297516356822106100, 'admin', '超级管理员', 'ca0c68db2823f561a559b210a0bcd4753e03d593b8c602898d4ee5db65716a5f', 'u3DqjnGKtYK5w521D50O', 1, '超级管理员', NULL, NULL, '2022-07-01 11:05:28', 'admin', 0);

-- ----------------------------
-- Table structure for sys_user_role
-- ----------------------------
DROP TABLE IF EXISTS `sys_user_role`;
CREATE TABLE `sys_user_role`  (
  `id` bigint(20) NOT NULL COMMENT 'ID',
  `user_id` bigint(20) NOT NULL COMMENT '角色id',
  `role_id` bigint(20) NOT NULL COMMENT '菜单id',
  PRIMARY KEY (`id`) USING BTREE,
  INDEX `user_id`(`user_id`) USING BTREE
) ENGINE = InnoDB CHARACTER SET = utf8mb4 COLLATE = utf8mb4_general_ci COMMENT = '系统用户关联角色' ROW_FORMAT = Dynamic;

-- ----------------------------
-- Records of sys_user_role
-- ----------------------------
INSERT INTO `sys_user_role` VALUES (1, 1, 310185715658915840);

-- ----------------------------
-- Table structure for temp
-- ----------------------------
DROP TABLE IF EXISTS `temp`;
CREATE TABLE `temp`  (
  `id` bigint(20) NOT NULL COMMENT 'ID',
  `create_time` datetime NULL DEFAULT NULL COMMENT '创建时间',
  `create_by` varchar(50) CHARACTER SET utf8mb4 COLLATE utf8mb4_general_ci NULL DEFAULT NULL COMMENT '创建人',
  `update_time` datetime NULL DEFAULT NULL COMMENT '更新时间',
  `update_by` varchar(50) CHARACTER SET utf8mb4 COLLATE utf8mb4_general_ci NULL DEFAULT NULL COMMENT '更新人',
  `del_flag` tinyint(1) NOT NULL DEFAULT 0 COMMENT '是否删除，1是，0否',
  PRIMARY KEY (`id`) USING BTREE
) ENGINE = InnoDB CHARACTER SET = utf8mb4 COLLATE = utf8mb4_general_ci ROW_FORMAT = Dynamic;

-- ----------------------------
-- Records of temp
-- ----------------------------

SET FOREIGN_KEY_CHECKS = 1;
